Orthogroup	hi_protein	pa_protein	sa_mrsa_protein
OG0002005	AJO87056.1		
OG0002006	AJO87057.1		
OG0002007	AJO87058.1		
OG0002008	AJO87069.1		
OG0002009	AJO87079.1		
OG0002010	AJO87089.1		
OG0002011	AJO87090.1		
OG0002012	AJO87108.1		
OG0002013	AJO87121.1		
OG0002014	AJO87126.1		
OG0002015	AJO87129.1		
OG0002016	AJO87134.1		
OG0002017	AJO87136.1		
OG0002018	AJO87137.1		
OG0002019	AJO87138.1		
OG0002020	AJO87145.1		
OG0002021	AJO87153.1		
OG0002022	AJO87159.1		
OG0002023	AJO87162.1		
OG0002024	AJO87165.1		
OG0002025	AJO87167.1		
OG0002026	AJO87168.1		
OG0002027	AJO87188.1		
OG0002028	AJO87189.1		
OG0002029	AJO87194.1		
OG0002030	AJO87195.1		
OG0002031	AJO87197.1		
OG0002032	AJO87198.1		
OG0002033	AJO87201.1		
OG0002034	AJO87203.1		
OG0002035	AJO87204.1		
OG0002036	AJO87212.1		
OG0002037	AJO87215.1		
OG0002038	AJO87216.1		
OG0002039	AJO87226.1		
OG0002040	AJO87228.1		
OG0002041	AJO87230.1		
OG0002042	AJO87231.1		
OG0002043	AJO87232.1		
OG0002044	AJO87233.1		
OG0002045	AJO87235.1		
OG0002046	AJO87237.1		
OG0002047	AJO87238.1		
OG0002048	AJO87255.1		
OG0002049	AJO87264.1		
OG0002050	AJO87267.1		
OG0002051	AJO87268.1		
OG0002052	AJO87271.1		
OG0002053	AJO87272.1		
OG0002054	AJO87273.1		
OG0002055	AJO87276.1		
OG0002056	AJO87277.1		
OG0002057	AJO87278.1		
OG0002058	AJO87280.1		
OG0002059	AJO87285.1		
OG0002060	AJO87287.1		
OG0002061	AJO87289.1		
OG0002062	AJO87291.1		
OG0002063	AJO87294.1		
OG0002064	AJO87302.1		
OG0002065	AJO87305.1		
OG0002066	AJO87310.1		
OG0002067	AJO87311.1		
OG0002068	AJO87312.1		
OG0002069	AJO87313.1		
OG0002070	AJO87315.1		
OG0002071	AJO87318.1		
OG0002072	AJO87321.1		
OG0002073	AJO87324.1		
OG0002074	AJO87331.1		
OG0002075	AJO87332.1		
OG0002076	AJO87333.1		
OG0002077	AJO87334.1		
OG0002078	AJO87335.1		
OG0002079	AJO87337.1		
OG0002080	AJO87341.1		
OG0002081	AJO87351.1		
OG0002082	AJO87360.1		
OG0002083	AJO87373.1		
OG0002084	AJO87375.1		
OG0002085	AJO87379.1		
OG0002086	AJO87380.1		
OG0002087	AJO87385.1		
OG0002088	AJO87386.1		
OG0002089	AJO87387.1		
OG0002090	AJO87388.1		
OG0002091	AJO87389.1		
OG0002092	AJO87390.1		
OG0002093	AJO87398.1		
OG0002094	AJO87399.1		
OG0002095	AJO87400.1		
OG0002096	AJO87401.1		
OG0002097	AJO87402.1		
OG0002098	AJO87404.1		
OG0002099	AJO87406.1		
OG0002100	AJO87408.1		
OG0002101	AJO87410.1		
OG0002102	AJO87411.1		
OG0002103	AJO87412.1		
OG0002104	AJO87414.1		
OG0002105	AJO87416.1		
OG0002106	AJO87417.1		
OG0002107	AJO87418.1		
OG0002108	AJO87419.1		
OG0002109	AJO87420.1		
OG0002110	AJO87421.1		
OG0002111	AJO87423.1		
OG0002112	AJO87424.1		
OG0002113	AJO87428.1		
OG0002114	AJO87430.1		
OG0002115	AJO87431.1		
OG0002116	AJO87435.1		
OG0002117	AJO87440.1		
OG0002118	AJO87441.1		
OG0002119	AJO87442.1		
OG0002120	AJO87445.1		
OG0002121	AJO87446.1		
OG0002122	AJO87447.1		
OG0002123	AJO87451.1		
OG0002124	AJO87453.1		
OG0002125	AJO87458.1		
OG0002126	AJO87459.1		
OG0002127	AJO87470.1		
OG0002128	AJO87471.1		
OG0002129	AJO87477.1		
OG0002130	AJO87483.1		
OG0002131	AJO87491.1		
OG0002132	AJO87492.1		
OG0002133	AJO87495.1		
OG0002134	AJO87496.1		
OG0002135	AJO87508.1		
OG0002136	AJO87509.1		
OG0002137	AJO87511.1		
OG0002138	AJO87525.1		
OG0002139	AJO87526.1		
OG0002140	AJO87530.1		
OG0002141	AJO87531.1		
OG0002142	AJO87532.1		
OG0002143	AJO87533.1		
OG0002144	AJO87534.1		
OG0002145	AJO87537.1		
OG0002146	AJO87539.1		
OG0002147	AJO87540.1		
OG0002148	AJO87542.1		
OG0002149	AJO87547.1		
OG0002150	AJO87560.1		
OG0002151	AJO87570.1		
OG0002152	AJO87583.1		
OG0002153	AJO87598.1		
OG0002154	AJO87599.1		
OG0002155	AJO87605.1		
OG0002156	AJO87612.1		
OG0002157	AJO87615.1		
OG0002158	AJO87624.1		
OG0002159	AJO87625.1		
OG0002160	AJO87660.1		
OG0002161	AJO87661.1		
OG0002162	AJO87670.1		
OG0002163	AJO87671.1		
OG0002164	AJO87672.1		
OG0002165	AJO87673.1		
OG0002166	AJO87678.1		
OG0002167	AJO87687.1		
OG0002168	AJO87693.1		
OG0002169	AJO87697.1		
OG0002170	AJO87698.1		
OG0002171	AJO87701.1		
OG0002172	AJO87702.1		
OG0002173	AJO87704.1		
OG0002174	AJO87711.1		
OG0002175	AJO87712.1		
OG0002176	AJO87716.1		
OG0002177	AJO87717.1		
OG0002178	AJO87718.1		
OG0002179	AJO87720.1		
OG0002180	AJO87721.1		
OG0002181	AJO87722.1		
OG0002182	AJO87723.1		
OG0002183	AJO87724.1		
OG0002184	AJO87733.1		
OG0002185	AJO87745.1		
OG0002186	AJO87746.1		
OG0002187	AJO87758.1		
OG0002188	AJO87764.1		
OG0002189	AJO87767.1		
OG0002190	AJO87771.1		
OG0002191	AJO87773.1		
OG0002192	AJO87779.1		
OG0002193	AJO87791.1		
OG0002194	AJO87793.1		
OG0002195	AJO87799.1		
OG0002196	AJO87800.1		
OG0002197	AJO87801.1		
OG0002198	AJO87802.1		
OG0002199	AJO87805.1		
OG0002200	AJO87809.1		
OG0002201	AJO87810.1		
OG0002202	AJO87813.1		
OG0002203	AJO87815.1		
OG0002204	AJO87818.1		
OG0002205	AJO87824.1		
OG0002206	AJO87832.1		
OG0002207	AJO87833.1		
OG0002208	AJO87843.1		
OG0002209	AJO87854.1		
OG0002210	AJO87862.1		
OG0002211	AJO87878.1		
OG0002212	AJO87885.1		
OG0002213	AJO87887.1		
OG0002214	AJO87889.1		
OG0002215	AJO87891.1		
OG0002216	AJO87898.1		
OG0002217	AJO87899.1		
OG0002218	AJO87901.1		
OG0002219	AJO87906.1		
OG0002220	AJO87911.1		
OG0002221	AJO87912.1		
OG0002222	AJO87914.1		
OG0002223	AJO87926.1		
OG0002224	AJO87944.1		
OG0002225	AJO87968.1		
OG0002226	AJO87969.1		
OG0002227	AJO87978.1		
OG0002228	AJO87992.1		
OG0002229	AJO87994.1		
OG0002230	AJO87997.1		
OG0002231	AJO88002.1		
OG0002232	AJO88005.1		
OG0002233	AJO88006.1		
OG0002234	AJO88016.1		
OG0002235	AJO88017.1		
OG0002236	AJO88018.1		
OG0002237	AJO88020.1		
OG0002238	AJO88027.1		
OG0002239	AJO88029.1		
OG0002240	AJO88041.1		
OG0002241	AJO88047.1		
OG0002242	AJO88058.1		
OG0002243	AJO88060.1		
OG0002244	AJO88061.1		
OG0002245	AJO88071.1		
OG0002246	AJO88076.1		
OG0002247	AJO88079.1		
OG0002248	AJO88081.1		
OG0002249	AJO88085.1		
OG0002250	AJO88091.1		
OG0002251	AJO88109.1		
OG0002252	AJO88110.1		
OG0002253	AJO88115.1		
OG0002254	AJO88124.1		
OG0002255	AJO88128.1		
OG0002256	AJO88134.1		
OG0002257	AJO88139.1		
OG0002258	AJO88140.1		
OG0002259	AJO88148.1		
OG0002260	AJO88150.1		
OG0002261	AJO88157.1		
OG0002262	AJO88162.1		
OG0002263	AJO88167.1		
OG0002264	AJO88171.1		
OG0002265	AJO88172.1		
OG0002266	AJO88175.1		
OG0002267	AJO88185.1		
OG0002268	AJO88199.1		
OG0002269	AJO88207.1		
OG0002270	AJO88213.1		
OG0002271	AJO88215.1		
OG0002272	AJO88216.1		
OG0002273	AJO88219.1		
OG0002274	AJO88227.1		
OG0002275	AJO88231.1		
OG0002276	AJO88238.1		
OG0002277	AJO88241.1		
OG0002278	AJO88243.1		
OG0002279	AJO88248.1		
OG0002280	AJO88249.1		
OG0002281	AJO88251.1		
OG0002282	AJO88254.1		
OG0002283	AJO88257.1		
OG0002284	AJO88258.1		
OG0002285	AJO88266.1		
OG0002286	AJO88269.1		
OG0002287	AJO88273.1		
OG0002288	AJO88278.1		
OG0002289	AJO88281.1		
OG0002290	AJO88282.1		
OG0002291	AJO88290.1		
OG0002292	AJO88297.1		
OG0002293	AJO88309.1		
OG0002294	AJO88316.1		
OG0002295	AJO88318.1		
OG0002296	AJO88332.1		
OG0002297	AJO88337.1		
OG0002298	AJO88341.1		
OG0002299	AJO88346.1		
OG0002300	AJO88348.1		
OG0002301	AJO88349.1		
OG0002302	AJO88350.1		
OG0002303	AJO88357.1		
OG0002304	AJO88362.1		
OG0002305	AJO88380.1		
OG0002306	AJO88384.1		
OG0002307	AJO88391.1		
OG0002308	AJO88401.1		
OG0002309	AJO88402.1		
OG0002310	AJO88403.1		
OG0002311	AJO88404.1		
OG0002312	AJO88405.1		
OG0002313	AJO88406.1		
OG0002314	AJO88407.1		
OG0002315	AJO88408.1		
OG0002316	AJO88409.1		
OG0002317	AJO88410.1		
OG0002318	AJO88411.1		
OG0002319	AJO88412.1		
OG0002320	AJO88413.1		
OG0002321	AJO88414.1		
OG0002322	AJO88415.1		
OG0002323	AJO88416.1		
OG0002324	AJO88417.1		
OG0002325	AJO88418.1		
OG0002326	AJO88419.1		
OG0002327	AJO88420.1		
OG0002328	AJO88425.1		
OG0002329	AJO88429.1		
OG0002330	AJO88430.1		
OG0002331	AJO88431.1		
OG0002332	AJO88432.1		
OG0002333	AJO88433.1		
OG0002334	AJO88437.1		
OG0002335	AJO88442.1		
OG0002336	AJO88443.1		
OG0002337	AJO88444.1		
OG0002338	AJO88447.1		
OG0002339	AJO88448.1		
OG0002340	AJO88449.1		
OG0002341	AJO88452.1		
OG0002342	AJO88453.1		
OG0002343	AJO88454.1		
OG0002344	AJO88455.1		
OG0002345	AJO88457.1		
OG0002346	AJO88459.1		
OG0002347	AJO88461.1		
OG0002348	AJO88462.1		
OG0002349	AJO88464.1		
OG0002350	AJO88465.1		
OG0002351	AJO88469.1		
OG0002352	AJO88475.1		
OG0002353	AJO88489.1		
OG0002354	AJO88500.1		
OG0002355	AJO88508.1		
OG0002356	AJO88509.1		
OG0002357	AJO88510.1		
OG0002358	AJO88515.1		
OG0002359	AJO88519.1		
OG0002360	AJO88520.1		
OG0002361	AJO88521.1		
OG0002362	AJO88522.1		
OG0002363	AJO88532.1		
OG0002364	AJO88533.1		
OG0002365	AJO88534.1		
OG0002366	AJO88536.1		
OG0002367	AJO88539.1		
OG0002368	AJO88569.1		
OG0002369	AJO88571.1		
OG0002370	AJO88575.1		
OG0002371	AJO88589.1		
OG0002372	AJO88591.1		
OG0002373	AJO88599.1		
OG0002374	AJO88600.1		
OG0002375	AJO88601.1		
OG0002376	AJO88604.1		
OG0002377	AJO88607.1		
OG0002378	AJO88613.1		
OG0002379	AJO88624.1		
OG0002380	AJO88628.1		
OG0002381	AJO88631.1		
OG0002382	AJO88637.1		
OG0002383	AJO88640.1		
OG0002384	AJO88641.1		
OG0002385	AJO88649.1		
OG0002386	AJO88655.1		
OG0002387	AJO88663.1		
OG0002388	AJO88664.1		
OG0002389	AJO88665.1		
OG0002390	AJO88672.1		
OG0002391	AJO88674.1		
OG0002392	AJO88675.1		
OG0002393	AJO88676.1		
OG0002394	AJO88684.1		
OG0002395	AJO88686.1		
OG0002396	AJO88688.1		
OG0002397	AJO88689.1		
OG0002398	AJO88698.1		
OG0002399	AJO88701.1		
OG0002400	AJO88706.1		
OG0002401	AJO88709.1		
OG0002402	AJO88711.1		
OG0002403	AJO88714.1		
OG0002404	AJO88717.1		
OG0002405	AJO88721.1		
OG0002406	AJO88722.1		
OG0002407	AJO88738.1		
OG0002408	AJO88750.1		
OG0002409	AJO88759.1		
OG0002410	AJO88760.1		
OG0002411	AJO88761.1		
OG0002412	AJO88763.1		
OG0002413		AAG03402.1	
OG0002414		AAG03404.1	
OG0002415		AAG03405.1	
OG0002416		AAG03410.1	
OG0002417		AAG03414.1	
OG0002418		AAG03416.1	
OG0002419		AAG03417.1	
OG0002420		AAG03418.1	
OG0002421		AAG03428.1	
OG0002422		AAG03432.1	
OG0002423		AAG03433.1	
OG0002424		AAG03435.1	
OG0002425		AAG03436.1	
OG0002426		AAG03437.1	
OG0002427		AAG03438.1	
OG0002428		AAG03439.1	
OG0002429		AAG03440.1	
OG0002430		AAG03442.1	
OG0002431		AAG03443.1	
OG0002432		AAG03444.1	
OG0002433		AAG03445.1	
OG0002434		AAG03447.1	
OG0002435		AAG03449.1	
OG0002436		AAG03453.1	
OG0002437		AAG03454.1	
OG0002438		AAG03455.1	
OG0002439		AAG03458.1	
OG0002440		AAG03459.1	
OG0002441		AAG03460.1	
OG0002442		AAG03461.1	
OG0002443		AAG03462.1	
OG0002444		AAG03463.1	
OG0002445		AAG03466.1	
OG0002446		AAG03476.1	
OG0002447		AAG03477.1	
OG0002448		AAG03482.1	
OG0002449		AAG03483.1	
OG0002450		AAG03484.1	
OG0002451		AAG03486.1	
OG0002452		AAG03487.1	
OG0002453		AAG03488.1	
OG0002454		AAG03489.1	
OG0002455		AAG03490.1	
OG0002456		AAG03491.1	
OG0002457		AAG03494.1	
OG0002458		AAG03496.1	
OG0002459		AAG03497.1	
OG0002460		AAG03498.1	
OG0002461		AAG03499.1	
OG0002462		AAG03500.1	
OG0002463		AAG03501.1	
OG0002464		AAG03502.1	
OG0002465		AAG03504.1	
OG0002466		AAG03505.1	
OG0002467		AAG03512.1	
OG0002468		AAG03514.1	
OG0002469		AAG03515.1	
OG0002470		AAG03516.1	
OG0002471		AAG03521.1	
OG0002472		AAG03525.1	
OG0002473		AAG03536.1	
OG0002474		AAG03538.1	
OG0002475		AAG03551.1	
OG0002476		AAG03555.1	
OG0002477		AAG03560.1	
OG0002478		AAG03561.1	
OG0002479		AAG03562.1	
OG0002480		AAG03564.1	
OG0002481		AAG03572.1	
OG0002482		AAG03580.1	
OG0002483		AAG03586.1	
OG0002484		AAG03589.1	
OG0002485		AAG03590.1	
OG0002486		AAG03597.1	
OG0002487		AAG03599.1	
OG0002488		AAG03600.1	
OG0002489		AAG03601.1	
OG0002490		AAG03602.1	
OG0002491		AAG03604.1	
OG0002492		AAG03605.1	
OG0002493		AAG03615.1	
OG0002494		AAG03623.1	
OG0002495		AAG03627.1	
OG0002496		AAG03636.1	
OG0002497		AAG03640.1	
OG0002498		AAG03641.1	
OG0002499		AAG03644.1	
OG0002500		AAG03645.1	
OG0002501		AAG03647.1	
OG0002502		AAG03649.1	
OG0002503		AAG03650.1	
OG0002504		AAG03653.1	
OG0002505		AAG03659.1	
OG0002506		AAG03663.1	
OG0002507		AAG03665.1	
OG0002508		AAG03667.1	
OG0002509		AAG03668.1	
OG0002510		AAG03673.1	
OG0002511		AAG03675.1	
OG0002512		AAG03681.1	
OG0002513		AAG03696.1	
OG0002514		AAG03697.1	
OG0002515		AAG03698.1	
OG0002516		AAG03699.1	
OG0002517		AAG03701.1	
OG0002518		AAG03704.1	
OG0002519		AAG03718.1	
OG0002520		AAG03721.1	
OG0002521		AAG03723.1	
OG0002522		AAG03728.1	
OG0002523		AAG03732.1	
OG0002524		AAG03733.1	
OG0002525		AAG03734.1	
OG0002526		AAG03735.1	
OG0002527		AAG03740.1	
OG0002528		AAG03747.1	
OG0002529		AAG03748.1	
OG0002530		AAG03753.1	
OG0002531		AAG03754.1	
OG0002532		AAG03757.1	
OG0002533		AAG03758.1	
OG0002534		AAG03766.1	
OG0002535		AAG03769.1	
OG0002536		AAG03773.1	
OG0002537		AAG03774.1	
OG0002538		AAG03777.1	
OG0002539		AAG03778.1	
OG0002540		AAG03787.1	
OG0002541		AAG03788.1	
OG0002542		AAG03795.1	
OG0002543		AAG03796.1	
OG0002544		AAG03803.1	
OG0002545		AAG03804.1	
OG0002546		AAG03807.1	
OG0002547		AAG03818.1	
OG0002548		AAG03821.1	
OG0002549		AAG03822.1	
OG0002550		AAG03824.1	
OG0002551		AAG03826.1	
OG0002552		AAG03827.1	
OG0002553		AAG03828.1	
OG0002554		AAG03830.1	
OG0002555		AAG03831.1	
OG0002556		AAG03833.1	
OG0002557		AAG03838.1	
OG0002558		AAG03840.1	
OG0002559		AAG03842.1	
OG0002560		AAG03849.1	
OG0002561		AAG03852.1	
OG0002562		AAG03854.1	
OG0002563		AAG03855.1	
OG0002564		AAG03857.1	
OG0002565		AAG03858.1	
OG0002566		AAG03870.1	
OG0002567		AAG03871.1	
OG0002568		AAG03873.1	
OG0002569		AAG03877.1	
OG0002570		AAG03879.1	
OG0002571		AAG03884.1	
OG0002572		AAG03891.1	
OG0002573		AAG03894.1	
OG0002574		AAG03906.1	
OG0002575		AAG03907.1	
OG0002576		AAG03908.1	
OG0002577		AAG03910.1	
OG0002578		AAG03911.1	
OG0002579		AAG03912.1	
OG0002580		AAG03914.1	
OG0002581		AAG03915.1	
OG0002582		AAG03921.1	
OG0002583		AAG03928.1	
OG0002584		AAG03929.1	
OG0002585		AAG03930.1	
OG0002586		AAG03931.1	
OG0002587		AAG03932.1	
OG0002588		AAG03938.1	
OG0002589		AAG03942.1	
OG0002590		AAG03943.1	
OG0002591		AAG03945.1	
OG0002592		AAG03946.1	
OG0002593		AAG03949.1	
OG0002594		AAG03950.1	
OG0002595		AAG03955.1	
OG0002596		AAG03956.1	
OG0002597		AAG03957.1	
OG0002598		AAG03958.1	
OG0002599		AAG03959.1	
OG0002600		AAG03960.1	
OG0002601		AAG03961.1	
OG0002602		AAG03962.1	
OG0002603		AAG03963.1	
OG0002604		AAG03967.1	
OG0002605		AAG03972.1	
OG0002606		AAG03974.1	
OG0002607		AAG03975.1	
OG0002608		AAG03976.1	
OG0002609		AAG03977.1	
OG0002610		AAG03980.1	
OG0002611		AAG03985.1	
OG0002612		AAG03988.1	
OG0002613		AAG03999.1	
OG0002614		AAG04002.1	
OG0002615		AAG04003.1	
OG0002616		AAG04004.1	
OG0002617		AAG04010.1	
OG0002618		AAG04011.1	
OG0002619		AAG04012.1	
OG0002620		AAG04013.1	
OG0002621		AAG04014.1	
OG0002622		AAG04015.1	
OG0002623		AAG04016.1	
OG0002624		AAG04017.1	
OG0002625		AAG04019.1	
OG0002626		AAG04020.1	
OG0002627		AAG04021.1	
OG0002628		AAG04022.1	
OG0002629		AAG04023.1	
OG0002630		AAG04024.1	
OG0002631		AAG04025.1	
OG0002632		AAG04026.1	
OG0002633		AAG04027.1	
OG0002634		AAG04028.1	
OG0002635		AAG04029.1	
OG0002636		AAG04030.1	
OG0002637		AAG04031.1	
OG0002638		AAG04042.1	
OG0002639		AAG04043.1	
OG0002640		AAG04044.1	
OG0002641		AAG04046.1	
OG0002642		AAG04050.1	
OG0002643		AAG04052.1	
OG0002644		AAG04053.1	
OG0002645		AAG04055.1	
OG0002646		AAG04059.1	
OG0002647		AAG04060.1	
OG0002648		AAG04061.1	
OG0002649		AAG04062.1	
OG0002650		AAG04068.1	
OG0002651		AAG04072.1	
OG0002652		AAG04073.1	
OG0002653		AAG04080.1	
OG0002654		AAG04085.1	
OG0002655		AAG04086.1	
OG0002656		AAG04087.1	
OG0002657		AAG04089.1	
OG0002658		AAG04091.1	
OG0002659		AAG04096.1	
OG0002660		AAG04101.1	
OG0002661		AAG04103.1	
OG0002662		AAG04104.1	
OG0002663		AAG04105.1	
OG0002664		AAG04106.1	
OG0002665		AAG04107.1	
OG0002666		AAG04108.1	
OG0002667		AAG04109.1	
OG0002668		AAG04110.1	
OG0002669		AAG04111.1	
OG0002670		AAG04112.1	
OG0002671		AAG04113.1	
OG0002672		AAG04114.1	
OG0002673		AAG04115.1	
OG0002674		AAG04116.1	
OG0002675		AAG04117.1	
OG0002676		AAG04118.1	
OG0002677		AAG04120.1	
OG0002678		AAG04121.1	
OG0002679		AAG04123.1	
OG0002680		AAG04124.1	
OG0002681		AAG04125.1	
OG0002682		AAG04126.1	
OG0002683		AAG04129.1	
OG0002684		AAG04138.1	
OG0002685		AAG04142.1	
OG0002686		AAG04143.1	
OG0002687		AAG04152.1	
OG0002688		AAG04158.1	
OG0002689		AAG04162.1	
OG0002690		AAG04165.1	
OG0002691		AAG04167.1	
OG0002692		AAG04171.1	
OG0002693		AAG04176.1	
OG0002694		AAG04177.1	
OG0002695		AAG04181.1	
OG0002696		AAG04182.1	
OG0002697		AAG04187.1	
OG0002698		AAG04188.1	
OG0002699		AAG04189.1	
OG0002700		AAG04191.1	
OG0002701		AAG04192.1	
OG0002702		AAG04193.1	
OG0002703		AAG04194.1	
OG0002704		AAG04197.1	
OG0002705		AAG04201.1	
OG0002706		AAG04203.1	
OG0002707		AAG04207.1	
OG0002708		AAG04209.1	
OG0002709		AAG04210.1	
OG0002710		AAG04211.1	
OG0002711		AAG04212.1	
OG0002712		AAG04215.1	
OG0002713		AAG04216.1	
OG0002714		AAG04227.1	
OG0002715		AAG04232.1	
OG0002716		AAG04234.1	
OG0002717		AAG04239.1	
OG0002718		AAG04240.1	
OG0002719		AAG04241.1	
OG0002720		AAG04244.1	
OG0002721		AAG04245.1	
OG0002722		AAG04251.1	
OG0002723		AAG04256.1	
OG0002724		AAG04257.1	
OG0002725		AAG04260.1	
OG0002726		AAG04261.1	
OG0002727		AAG04267.1	
OG0002728		AAG04270.1	
OG0002729		AAG04283.1	
OG0002730		AAG04288.1	
OG0002731		AAG04289.1	
OG0002732		AAG04290.1	
OG0002733		AAG04296.1	
OG0002734		AAG04297.1	
OG0002735		AAG04298.1	
OG0002736		AAG04299.1	
OG0002737		AAG04300.1	
OG0002738		AAG04301.1	
OG0002739		AAG04303.1	
OG0002740		AAG04304.1	
OG0002741		AAG04305.1	
OG0002742		AAG04306.1	
OG0002743		AAG04308.1	
OG0002744		AAG04310.1	
OG0002745		AAG04311.1	
OG0002746		AAG04314.1	
OG0002747		AAG04315.1	
OG0002748		AAG04326.1	
OG0002749		AAG04328.1	
OG0002750		AAG04329.1	
OG0002751		AAG04330.1	
OG0002752		AAG04332.1	
OG0002753		AAG04335.1	
OG0002754		AAG04337.1	
OG0002755		AAG04338.1	
OG0002756		AAG04341.1	
OG0002757		AAG04344.1	
OG0002758		AAG04348.1	
OG0002759		AAG04360.1	
OG0002760		AAG04363.1	
OG0002761		AAG04366.1	
OG0002762		AAG04369.1	
OG0002763		AAG04370.1	
OG0002764		AAG04371.1	
OG0002765		AAG04373.1	
OG0002766		AAG04377.1	
OG0002767		AAG04378.1	
OG0002768		AAG04385.1	
OG0002769		AAG04387.1	
OG0002770		AAG04393.1	
OG0002771		AAG04398.1	
OG0002772		AAG04400.1	
OG0002773		AAG04404.1	
OG0002774		AAG04407.1	
OG0002775		AAG04415.1	
OG0002776		AAG04418.1	
OG0002777		AAG04419.1	
OG0002778		AAG04427.1	
OG0002779		AAG04429.1	
OG0002780		AAG04432.1	
OG0002781		AAG04433.1	
OG0002782		AAG04435.1	
OG0002783		AAG04439.1	
OG0002784		AAG04452.1	
OG0002785		AAG04453.1	
OG0002786		AAG04458.1	
OG0002787		AAG04464.1	
OG0002788		AAG04466.1	
OG0002789		AAG04468.1	
OG0002790		AAG04472.1	
OG0002791		AAG04473.1	
OG0002792		AAG04475.1	
OG0002793		AAG04477.1	
OG0002794		AAG04479.1	
OG0002795		AAG04480.1	
OG0002796		AAG04482.1	
OG0002797		AAG04483.1	
OG0002798		AAG04484.1	
OG0002799		AAG04485.1	
OG0002800		AAG04489.1	
OG0002801		AAG04490.1	
OG0002802		AAG04491.1	
OG0002803		AAG04492.1	
OG0002804		AAG04494.1	
OG0002805		AAG04495.1	
OG0002806		AAG04500.1	
OG0002807		AAG04501.1	
OG0002808		AAG04503.1	
OG0002809		AAG04504.1	
OG0002810		AAG04506.1	
OG0002811		AAG04507.1	
OG0002812		AAG04510.1	
OG0002813		AAG04512.1	
OG0002814		AAG04515.1	
OG0002815		AAG04519.1	
OG0002816		AAG04521.1	
OG0002817		AAG04522.1	
OG0002818		AAG04523.1	
OG0002819		AAG04529.1	
OG0002820		AAG04537.1	
OG0002821		AAG04538.1	
OG0002822		AAG04540.1	
OG0002823		AAG04541.1	
OG0002824		AAG04549.1	
OG0002825		AAG04552.1	
OG0002826		AAG04554.1	
OG0002827		AAG04558.1	
OG0002828		AAG04564.1	
OG0002829		AAG04566.1	
OG0002830		AAG04567.1	
OG0002831		AAG04582.1	
OG0002832		AAG04584.1	
OG0002833		AAG04589.1	
OG0002834		AAG04592.1	
OG0002835		AAG04593.1	
OG0002836		AAG04595.1	
OG0002837		AAG04600.1	
OG0002838		AAG04602.1	
OG0002839		AAG04604.1	
OG0002840		AAG04607.1	
OG0002841		AAG04609.1	
OG0002842		AAG04616.1	
OG0002843		AAG04617.1	
OG0002844		AAG04619.1	
OG0002845		AAG04623.1	
OG0002846		AAG04631.1	
OG0002847		AAG04633.1	
OG0002848		AAG04634.1	
OG0002849		AAG04638.1	
OG0002850		AAG04639.1	
OG0002851		AAG04641.1	
OG0002852		AAG04648.1	
OG0002853		AAG04652.1	
OG0002854		AAG04661.1	
OG0002855		AAG04663.1	
OG0002856		AAG04665.1	
OG0002857		AAG04667.1	
OG0002858		AAG04668.1	
OG0002859		AAG04669.1	
OG0002860		AAG04670.1	
OG0002861		AAG04676.1	
OG0002862		AAG04678.1	
OG0002863		AAG04693.1	
OG0002864		AAG04694.1	
OG0002865		AAG04695.1	
OG0002866		AAG04697.1	
OG0002867		AAG04699.1	
OG0002868		AAG04703.1	
OG0002869		AAG04709.1	
OG0002870		AAG04713.1	
OG0002871		AAG04714.1	
OG0002872		AAG04716.1	
OG0002873		AAG04721.1	
OG0002874		AAG04722.1	
OG0002875		AAG04732.1	
OG0002876		AAG04736.1	
OG0002877		AAG04737.1	
OG0002878		AAG04739.1	
OG0002879		AAG04740.1	
OG0002880		AAG04744.1	
OG0002881		AAG04745.1	
OG0002882		AAG04746.1	
OG0002883		AAG04748.1	
OG0002884		AAG04755.1	
OG0002885		AAG04757.1	
OG0002886		AAG04758.1	
OG0002887		AAG04759.1	
OG0002888		AAG04760.1	
OG0002889		AAG04761.1	
OG0002890		AAG04764.1	
OG0002891		AAG04765.1	
OG0002892		AAG04767.1	
OG0002893		AAG04770.1	
OG0002894		AAG04772.1	
OG0002895		AAG04774.1	
OG0002896		AAG04776.1	
OG0002897		AAG04777.1	
OG0002898		AAG04781.1	
OG0002899		AAG04783.1	
OG0002900		AAG04784.1	
OG0002901		AAG04787.1	
OG0002902		AAG04790.1	
OG0002903		AAG04791.1	
OG0002904		AAG04793.1	
OG0002905		AAG04795.1	
OG0002906		AAG04801.1	
OG0002907		AAG04803.1	
OG0002908		AAG04809.1	
OG0002909		AAG04813.1	
OG0002910		AAG04815.1	
OG0002911		AAG04816.1	
OG0002912		AAG04820.1	
OG0002913		AAG04823.1	
OG0002914		AAG04829.1	
OG0002915		AAG04830.1	
OG0002916		AAG04832.1	
OG0002917		AAG04833.1	
OG0002918		AAG04834.1	
OG0002919		AAG04842.1	
OG0002920		AAG04844.1	
OG0002921		AAG04846.1	
OG0002922		AAG04852.1	
OG0002923		AAG04854.1	
OG0002924		AAG04857.1	
OG0002925		AAG04860.1	
OG0002926		AAG04863.1	
OG0002927		AAG04867.1	
OG0002928		AAG04872.1	
OG0002929		AAG04874.1	
OG0002930		AAG04875.1	
OG0002931		AAG04876.1	
OG0002932		AAG04880.1	
OG0002933		AAG04881.1	
OG0002934		AAG04883.1	
OG0002935		AAG04884.1	
OG0002936		AAG04888.1	
OG0002937		AAG04895.1	
OG0002938		AAG04899.1	
OG0002939		AAG04902.1	
OG0002940		AAG04903.1	
OG0002941		AAG04904.1	
OG0002942		AAG04905.1	
OG0002943		AAG04906.1	
OG0002944		AAG04907.1	
OG0002945		AAG04911.1	
OG0002946		AAG04919.1	
OG0002947		AAG04925.1	
OG0002948		AAG04934.1	
OG0002949		AAG04935.1	
OG0002950		AAG04936.1	
OG0002951		AAG04937.1	
OG0002952		AAG04939.1	
OG0002953		AAG04947.1	
OG0002954		AAG04949.1	
OG0002955		AAG04960.1	
OG0002956		AAG04962.1	
OG0002957		AAG04963.1	
OG0002958		AAG04964.1	
OG0002959		AAG04966.1	
OG0002960		AAG04967.1	
OG0002961		AAG04968.1	
OG0002962		AAG04969.1	
OG0002963		AAG04970.1	
OG0002964		AAG04971.1	
OG0002965		AAG04980.1	
OG0002966		AAG04981.1	
OG0002967		AAG04983.1	
OG0002968		AAG04984.1	
OG0002969		AAG04993.1	
OG0002970		AAG04994.1	
OG0002971		AAG04995.1	
OG0002972		AAG05001.1	
OG0002973		AAG05004.1	
OG0002974		AAG05010.1	
OG0002975		AAG05013.1	
OG0002976		AAG05021.1	
OG0002977		AAG05027.1	
OG0002978		AAG05028.1	
OG0002979		AAG05030.1	
OG0002980		AAG05032.1	
OG0002981		AAG05034.1	
OG0002982		AAG05039.1	
OG0002983		AAG05041.1	
OG0002984		AAG05045.1	
OG0002985		AAG05048.1	
OG0002986		AAG05053.1	
OG0002987		AAG05061.1	
OG0002988		AAG05062.1	
OG0002989		AAG05065.1	
OG0002990		AAG05068.1	
OG0002991		AAG05069.1	
OG0002992		AAG05072.1	
OG0002993		AAG05073.1	
OG0002994		AAG05074.1	
OG0002995		AAG05075.1	
OG0002996		AAG05083.1	
OG0002997		AAG05084.1	
OG0002998		AAG05085.1	
OG0002999		AAG05087.1	
OG0003000		AAG05088.1	
OG0003001		AAG05089.1	
OG0003002		AAG05090.1	
OG0003003		AAG05091.1	
OG0003004		AAG05093.1	
OG0003005		AAG05094.1	
OG0003006		AAG05095.1	
OG0003007		AAG05096.1	
OG0003008		AAG05097.1	
OG0003009		AAG05098.1	
OG0003010		AAG05099.1	
OG0003011		AAG05100.1	
OG0003012		AAG05101.1	
OG0003013		AAG05103.1	
OG0003014		AAG05104.1	
OG0003015		AAG05106.1	
OG0003016		AAG05107.1	
OG0003017		AAG05108.1	
OG0003018		AAG05109.1	
OG0003019		AAG05110.1	
OG0003020		AAG05111.1	
OG0003021		AAG05112.1	
OG0003022		AAG05113.1	
OG0003023		AAG05114.1	
OG0003024		AAG05117.1	
OG0003025		AAG05118.1	
OG0003026		AAG05122.1	
OG0003027		AAG05123.1	
OG0003028		AAG05129.1	
OG0003029		AAG05130.1	
OG0003030		AAG05131.1	
OG0003031		AAG05132.1	
OG0003032		AAG05133.1	
OG0003033		AAG05134.1	
OG0003034		AAG05135.1	
OG0003035		AAG05137.1	
OG0003036		AAG05138.1	
OG0003037		AAG05144.1	
OG0003038		AAG05145.1	
OG0003039		AAG05146.1	
OG0003040		AAG05154.1	
OG0003041		AAG05155.1	
OG0003042		AAG05156.1	
OG0003043		AAG05159.1	
OG0003044		AAG05160.1	
OG0003045		AAG05163.1	
OG0003046		AAG05164.1	
OG0003047		AAG05174.1	
OG0003048		AAG05175.1	
OG0003049		AAG05177.1	
OG0003050		AAG05179.1	
OG0003051		AAG05180.1	
OG0003052		AAG05203.1	
OG0003053		AAG05206.1	
OG0003054		AAG05208.1	
OG0003055		AAG05214.1	
OG0003056		AAG05218.1	
OG0003057		AAG05219.1	
OG0003058		AAG05220.1	
OG0003059		AAG05223.1	
OG0003060		AAG05228.1	
OG0003061		AAG05229.1	
OG0003062		AAG05230.1	
OG0003063		AAG05233.1	
OG0003064		AAG05234.1	
OG0003065		AAG05235.1	
OG0003066		AAG05237.1	
OG0003067		AAG05238.1	
OG0003068		AAG05241.1	
OG0003069		AAG05246.1	
OG0003070		AAG05247.1	
OG0003071		AAG05254.1	
OG0003072		AAG05255.1	
OG0003073		AAG05256.1	
OG0003074		AAG05259.1	
OG0003075		AAG05261.1	
OG0003076		AAG05263.1	
OG0003077		AAG05267.1	
OG0003078		AAG05268.1	
OG0003079		AAG05275.1	
OG0003080		AAG05276.1	
OG0003081		AAG05277.1	
OG0003082		AAG05278.1	
OG0003083		AAG05280.1	
OG0003084		AAG05281.1	
OG0003085		AAG05283.1	
OG0003086		AAG05284.1	
OG0003087		AAG05285.1	
OG0003088		AAG05286.1	
OG0003089		AAG05294.1	
OG0003090		AAG05295.1	
OG0003091		AAG05301.1	
OG0003092		AAG05302.1	
OG0003093		AAG05303.1	
OG0003094		AAG05309.1	
OG0003095		AAG05312.1	
OG0003096		AAG05313.1	
OG0003097		AAG05317.1	
OG0003098		AAG05320.1	
OG0003099		AAG05322.1	
OG0003100		AAG05323.1	
OG0003101		AAG05324.1	
OG0003102		AAG05330.1	
OG0003103		AAG05340.1	
OG0003104		AAG05342.1	
OG0003105		AAG05343.1	
OG0003106		AAG05344.1	
OG0003107		AAG05345.1	
OG0003108		AAG05346.1	
OG0003109		AAG05348.1	
OG0003110		AAG05353.1	
OG0003111		AAG05355.1	
OG0003112		AAG05356.1	
OG0003113		AAG05357.1	
OG0003114		AAG05358.1	
OG0003115		AAG05361.1	
OG0003116		AAG05362.1	
OG0003117		AAG05363.1	
OG0003118		AAG05369.1	
OG0003119		AAG05371.1	
OG0003120		AAG05373.1	
OG0003121		AAG05374.1	
OG0003122		AAG05375.1	
OG0003123		AAG05376.1	
OG0003124		AAG05377.1	
OG0003125		AAG05378.1	
OG0003126		AAG05382.1	
OG0003127		AAG05383.1	
OG0003128		AAG05392.1	
OG0003129		AAG05396.1	
OG0003130		AAG05397.1	
OG0003131		AAG05404.1	
OG0003132		AAG05409.1	
OG0003133		AAG05414.1	
OG0003134		AAG05415.1	
OG0003135		AAG05417.1	
OG0003136		AAG05419.1	
OG0003137		AAG05421.1	
OG0003138		AAG05424.1	
OG0003139		AAG05425.1	
OG0003140		AAG05426.1	
OG0003141		AAG05432.1	
OG0003142		AAG05434.1	
OG0003143		AAG05437.1	
OG0003144		AAG05440.1	
OG0003145		AAG05452.1	
OG0003146		AAG05454.1	
OG0003147		AAG05463.1	
OG0003148		AAG05469.1	
OG0003149		AAG05473.1	
OG0003150		AAG05475.1	
OG0003151		AAG05476.1	
OG0003152		AAG05483.1	
OG0003153		AAG05487.1	
OG0003154		AAG05490.1	
OG0003155		AAG05492.1	
OG0003156		AAG05495.1	
OG0003157		AAG05497.1	
OG0003158		AAG05504.1	
OG0003159		AAG05505.1	
OG0003160		AAG05508.1	
OG0003161		AAG05510.1	
OG0003162		AAG05513.1	
OG0003163		AAG05514.1	
OG0003164		AAG05515.1	
OG0003165		AAG05516.1	
OG0003166		AAG05519.1	
OG0003167		AAG05522.1	
OG0003168		AAG05523.1	
OG0003169		AAG05524.1	
OG0003170		AAG05525.1	
OG0003171		AAG05526.1	
OG0003172		AAG05527.1	
OG0003173		AAG05528.1	
OG0003174		AAG05529.1	
OG0003175		AAG05531.1	
OG0003176		AAG05533.1	
OG0003177		AAG05534.1	
OG0003178		AAG05537.1	
OG0003179		AAG05538.1	
OG0003180		AAG05539.1	
OG0003181		AAG05544.1	
OG0003182		AAG05549.1	
OG0003183		AAG05555.1	
OG0003184		AAG05557.1	
OG0003185		AAG05558.1	
OG0003186		AAG05559.1	
OG0003187		AAG05560.1	
OG0003188		AAG05561.1	
OG0003189		AAG05562.1	
OG0003190		AAG05563.1	
OG0003191		AAG05568.1	
OG0003192		AAG05569.1	
OG0003193		AAG05570.1	
OG0003194		AAG05572.1	
OG0003195		AAG05573.1	
OG0003196		AAG05574.1	
OG0003197		AAG05575.1	
OG0003198		AAG05577.1	
OG0003199		AAG05578.1	
OG0003200		AAG05579.1	
OG0003201		AAG05581.1	
OG0003202		AAG05589.1	
OG0003203		AAG05593.1	
OG0003204		AAG05596.1	
OG0003205		AAG05597.1	
OG0003206		AAG05598.1	
OG0003207		AAG05599.1	
OG0003208		AAG05604.1	
OG0003209		AAG05609.1	
OG0003210		AAG05610.1	
OG0003211		AAG05611.1	
OG0003212		AAG05612.1	
OG0003213		AAG05613.1	
OG0003214		AAG05614.1	
OG0003215		AAG05618.1	
OG0003216		AAG05622.1	
OG0003217		AAG05623.1	
OG0003218		AAG05624.1	
OG0003219		AAG05625.1	
OG0003220		AAG05628.1	
OG0003221		AAG05630.1	
OG0003222		AAG05632.1	
OG0003223		AAG05633.1	
OG0003224		AAG05635.1	
OG0003225		AAG05639.1	
OG0003226		AAG05641.1	
OG0003227		AAG05642.1	
OG0003228		AAG05648.1	
OG0003229		AAG05649.1	
OG0003230		AAG05652.1	
OG0003231		AAG05662.1	
OG0003232		AAG05670.1	
OG0003233		AAG05675.1	
OG0003234		AAG05676.1	
OG0003235		AAG05681.1	
OG0003236		AAG05685.1	
OG0003237		AAG05688.1	
OG0003238		AAG05689.1	
OG0003239		AAG05697.1	
OG0003240		AAG05699.1	
OG0003241		AAG05701.1	
OG0003242		AAG05706.1	
OG0003243		AAG05708.1	
OG0003244		AAG05709.1	
OG0003245		AAG05719.1	
OG0003246		AAG05724.1	
OG0003247		AAG05726.1	
OG0003248		AAG05733.1	
OG0003249		AAG05746.1	
OG0003250		AAG05750.1	
OG0003251		AAG05752.1	
OG0003252		AAG05756.1	
OG0003253		AAG05760.1	
OG0003254		AAG05762.1	
OG0003255		AAG05763.1	
OG0003256		AAG05765.1	
OG0003257		AAG05768.1	
OG0003258		AAG05769.1	
OG0003259		AAG05772.1	
OG0003260		AAG05774.1	
OG0003261		AAG05780.1	
OG0003262		AAG05783.1	
OG0003263		AAG05784.1	
OG0003264		AAG05785.1	
OG0003265		AAG05792.1	
OG0003266		AAG05793.1	
OG0003267		AAG05794.1	
OG0003268		AAG05796.1	
OG0003269		AAG05797.1	
OG0003270		AAG05798.1	
OG0003271		AAG05800.1	
OG0003272		AAG05802.1	
OG0003273		AAG05803.1	
OG0003274		AAG05804.1	
OG0003275		AAG05815.1	
OG0003276		AAG05817.1	
OG0003277		AAG05821.1	
OG0003278		AAG05824.1	
OG0003279		AAG05826.1	
OG0003280		AAG05827.1	
OG0003281		AAG05828.1	
OG0003282		AAG05829.1	
OG0003283		AAG05830.1	
OG0003284		AAG05838.1	
OG0003285		AAG05839.1	
OG0003286		AAG05840.1	
OG0003287		AAG05843.1	
OG0003288		AAG05844.1	
OG0003289		AAG05845.1	
OG0003290		AAG05847.1	
OG0003291		AAG05849.1	
OG0003292		AAG05852.1	
OG0003293		AAG05858.1	
OG0003294		AAG05864.1	
OG0003295		AAG05873.1	
OG0003296		AAG05874.1	
OG0003297		AAG05875.1	
OG0003298		AAG05878.1	
OG0003299		AAG05884.1	
OG0003300		AAG05886.1	
OG0003301		AAG05887.1	
OG0003302		AAG05889.1	
OG0003303		AAG05891.1	
OG0003304		AAG05892.1	
OG0003305		AAG05894.1	
OG0003306		AAG05896.1	
OG0003307		AAG05897.1	
OG0003308		AAG05903.1	
OG0003309		AAG05918.1	
OG0003310		AAG05919.1	
OG0003311		AAG05925.1	
OG0003312		AAG05926.1	
OG0003313		AAG05927.1	
OG0003314		AAG05928.1	
OG0003315		AAG05929.1	
OG0003316		AAG05932.1	
OG0003317		AAG05937.1	
OG0003318		AAG05943.1	
OG0003319		AAG05948.1	
OG0003320		AAG05950.1	
OG0003321		AAG05953.1	
OG0003322		AAG05954.1	
OG0003323		AAG05956.1	
OG0003324		AAG05957.1	
OG0003325		AAG05958.1	
OG0003326		AAG05967.1	
OG0003327		AAG05981.1	
OG0003328		AAG05990.1	
OG0003329		AAG05991.1	
OG0003330		AAG05995.1	
OG0003331		AAG05998.1	
OG0003332		AAG06005.1	
OG0003333		AAG06006.1	
OG0003334		AAG06009.1	
OG0003335		AAG06012.1	
OG0003336		AAG06020.1	
OG0003337		AAG06021.1	
OG0003338		AAG06022.1	
OG0003339		AAG06023.1	
OG0003340		AAG06026.1	
OG0003341		AAG06027.1	
OG0003342		AAG06028.1	
OG0003343		AAG06030.1	
OG0003344		AAG06031.1	
OG0003345		AAG06032.1	
OG0003346		AAG06033.1	
OG0003347		AAG06034.1	
OG0003348		AAG06035.1	
OG0003349		AAG06036.1	
OG0003350		AAG06037.1	
OG0003351		AAG06043.1	
OG0003352		AAG06048.1	
OG0003353		AAG06049.1	
OG0003354		AAG06050.1	
OG0003355		AAG06051.1	
OG0003356		AAG06054.1	
OG0003357		AAG06056.1	
OG0003358		AAG06057.1	
OG0003359		AAG06058.1	
OG0003360		AAG06059.1	
OG0003361		AAG06060.1	
OG0003362		AAG06061.1	
OG0003363		AAG06062.1	
OG0003364		AAG06070.1	
OG0003365		AAG06077.1	
OG0003366		AAG06083.1	
OG0003367		AAG06085.1	
OG0003368		AAG06090.1	
OG0003369		AAG06091.1	
OG0003370		AAG06093.1	
OG0003371		AAG06096.1	
OG0003372		AAG06107.1	
OG0003373		AAG06108.1	
OG0003374		AAG06111.1	
OG0003375		AAG06112.1	
OG0003376		AAG06113.1	
OG0003377		AAG06116.1	
OG0003378		AAG06117.1	
OG0003379		AAG06118.1	
OG0003380		AAG06119.1	
OG0003381		AAG06124.1	
OG0003382		AAG06125.1	
OG0003383		AAG06134.1	
OG0003384		AAG06137.1	
OG0003385		AAG06138.1	
OG0003386		AAG06143.1	
OG0003387		AAG06147.1	
OG0003388		AAG06151.1	
OG0003389		AAG06152.1	
OG0003390		AAG06153.1	
OG0003391		AAG06156.1	
OG0003392		AAG06160.1	
OG0003393		AAG06161.1	
OG0003394		AAG06162.1	
OG0003395		AAG06163.1	
OG0003396		AAG06166.1	
OG0003397		AAG06167.1	
OG0003398		AAG06168.1	
OG0003399		AAG06169.1	
OG0003400		AAG06170.1	
OG0003401		AAG06171.1	
OG0003402		AAG06172.1	
OG0003403		AAG06174.1	
OG0003404		AAG06177.1	
OG0003405		AAG06178.1	
OG0003406		AAG06179.1	
OG0003407		AAG06180.1	
OG0003408		AAG06182.1	
OG0003409		AAG06185.1	
OG0003410		AAG06187.1	
OG0003411		AAG06189.1	
OG0003412		AAG06192.1	
OG0003413		AAG06193.1	
OG0003414		AAG06195.1	
OG0003415		AAG06196.1	
OG0003416		AAG06199.1	
OG0003417		AAG06202.1	
OG0003418		AAG06204.1	
OG0003419		AAG06205.1	
OG0003420		AAG06207.1	
OG0003421		AAG06208.1	
OG0003422		AAG06211.1	
OG0003423		AAG06217.1	
OG0003424		AAG06219.1	
OG0003425		AAG06220.1	
OG0003426		AAG06230.1	
OG0003427		AAG06232.1	
OG0003428		AAG06233.1	
OG0003429		AAG06240.1	
OG0003430		AAG06241.1	
OG0003431		AAG06242.1	
OG0003432		AAG06243.1	
OG0003433		AAG06244.1	
OG0003434		AAG06246.1	
OG0003435		AAG06248.1	
OG0003436		AAG06249.1	
OG0003437		AAG06251.1	
OG0003438		AAG06254.1	
OG0003439		AAG06256.1	
OG0003440		AAG06257.1	
OG0003441		AAG06259.1	
OG0003442		AAG06260.1	
OG0003443		AAG06262.1	
OG0003444		AAG06271.1	
OG0003445		AAG06274.1	
OG0003446		AAG06280.1	
OG0003447		AAG06282.1	
OG0003448		AAG06283.1	
OG0003449		AAG06286.1	
OG0003450		AAG06290.1	
OG0003451		AAG06293.1	
OG0003452		AAG06294.1	
OG0003453		AAG06295.1	
OG0003454		AAG06296.1	
OG0003455		AAG06297.1	
OG0003456		AAG06298.1	
OG0003457		AAG06303.1	
OG0003458		AAG06307.1	
OG0003459		AAG06315.1	
OG0003460		AAG06316.1	
OG0003461		AAG06323.1	
OG0003462		AAG06325.1	
OG0003463		AAG06327.1	
OG0003464		AAG06328.1	
OG0003465		AAG06329.1	
OG0003466		AAG06334.1	
OG0003467		AAG06335.1	
OG0003468		AAG06338.1	
OG0003469		AAG06340.1	
OG0003470		AAG06341.1	
OG0003471		AAG06342.1	
OG0003472		AAG06343.1	
OG0003473		AAG06344.1	
OG0003474		AAG06348.1	
OG0003475		AAG06352.1	
OG0003476		AAG06361.1	
OG0003477		AAG06368.1	
OG0003478		AAG06370.1	
OG0003479		AAG06373.1	
OG0003480		AAG06377.1	
OG0003481		AAG06389.1	
OG0003482		AAG06391.1	
OG0003483		AAG06392.1	
OG0003484		AAG06396.1	
OG0003485		AAG06397.1	
OG0003486		AAG06398.1	
OG0003487		AAG06400.1	
OG0003488		AAG06403.1	
OG0003489		AAG06404.1	
OG0003490		AAG06406.1	
OG0003491		AAG06409.1	
OG0003492		AAG06410.1	
OG0003493		AAG06420.1	
OG0003494		AAG06421.1	
OG0003495		AAG06424.1	
OG0003496		AAG06429.1	
OG0003497		AAG06430.1	
OG0003498		AAG06437.1	
OG0003499		AAG06439.1	
OG0003500		AAG06440.1	
OG0003501		AAG06442.1	
OG0003502		AAG06445.1	
OG0003503		AAG06446.1	
OG0003504		AAG06448.1	
OG0003505		AAG06449.1	
OG0003506		AAG06450.1	
OG0003507		AAG06451.1	
OG0003508		AAG06452.1	
OG0003509		AAG06453.1	
OG0003510		AAG06456.1	
OG0003511		AAG06457.1	
OG0003512		AAG06460.1	
OG0003513		AAG06461.1	
OG0003514		AAG06462.1	
OG0003515		AAG06463.1	
OG0003516		AAG06464.1	
OG0003517		AAG06467.1	
OG0003518		AAG06468.1	
OG0003519		AAG06472.1	
OG0003520		AAG06473.1	
OG0003521		AAG06475.1	
OG0003522		AAG06477.1	
OG0003523		AAG06478.1	
OG0003524		AAG06479.1	
OG0003525		AAG06483.1	
OG0003526		AAG06484.1	
OG0003527		AAG06492.1	
OG0003528		AAG06494.1	
OG0003529		AAG06498.1	
OG0003530		AAG06513.1	
OG0003531		AAG06514.1	
OG0003532		AAG06518.1	
OG0003533		AAG06538.1	
OG0003534		AAG06542.1	
OG0003535		AAG06544.1	
OG0003536		AAG06546.1	
OG0003537		AAG06557.1	
OG0003538		AAG06562.1	
OG0003539		AAG06566.1	
OG0003540		AAG06578.1	
OG0003541		AAG06581.1	
OG0003542		AAG06582.1	
OG0003543		AAG06584.1	
OG0003544		AAG06591.1	
OG0003545		AAG06593.1	
OG0003546		AAG06595.1	
OG0003547		AAG06597.1	
OG0003548		AAG06601.1	
OG0003549		AAG06602.1	
OG0003550		AAG06604.1	
OG0003551		AAG06605.1	
OG0003552		AAG06606.1	
OG0003553		AAG06607.1	
OG0003554		AAG06609.1	
OG0003555		AAG06610.1	
OG0003556		AAG06612.1	
OG0003557		AAG06618.1	
OG0003558		AAG06619.1	
OG0003559		AAG06622.1	
OG0003560		AAG06623.1	
OG0003561		AAG06626.1	
OG0003562		AAG06631.1	
OG0003563		AAG06633.1	
OG0003564		AAG06635.1	
OG0003565		AAG06638.1	
OG0003566		AAG06639.1	
OG0003567		AAG06647.1	
OG0003568		AAG06648.1	
OG0003569		AAG06658.1	
OG0003570		AAG06661.1	
OG0003571		AAG06662.1	
OG0003572		AAG06664.1	
OG0003573		AAG06666.1	
OG0003574		AAG06672.1	
OG0003575		AAG06676.1	
OG0003576		AAG06681.1	
OG0003577		AAG06686.1	
OG0003578		AAG06694.1	
OG0003579		AAG06695.1	
OG0003580		AAG06702.1	
OG0003581		AAG06705.1	
OG0003582		AAG06706.1	
OG0003583		AAG06710.1	
OG0003584		AAG06711.1	
OG0003585		AAG06714.1	
OG0003586		AAG06720.1	
OG0003587		AAG06723.1	
OG0003588		AAG06726.1	
OG0003589		AAG06730.1	
OG0003590		AAG06733.1	
OG0003591		AAG06735.1	
OG0003592		AAG06738.1	
OG0003593		AAG06739.1	
OG0003594		AAG06740.1	
OG0003595		AAG06741.1	
OG0003596		AAG06742.1	
OG0003597		AAG06745.1	
OG0003598		AAG06747.1	
OG0003599		AAG06749.1	
OG0003600		AAG06750.1	
OG0003601		AAG06751.1	
OG0003602		AAG06753.1	
OG0003603		AAG06755.1	
OG0003604		AAG06757.1	
OG0003605		AAG06758.1	
OG0003606		AAG06759.1	
OG0003607		AAG06760.1	
OG0003608		AAG06761.1	
OG0003609		AAG06762.1	
OG0003610		AAG06763.1	
OG0003611		AAG06764.1	
OG0003612		AAG06765.1	
OG0003613		AAG06766.1	
OG0003614		AAG06767.1	
OG0003615		AAG06768.1	
OG0003616		AAG06773.1	
OG0003617		AAG06774.1	
OG0003618		AAG06775.1	
OG0003619		AAG06779.1	
OG0003620		AAG06780.1	
OG0003621		AAG06781.1	
OG0003622		AAG06784.1	
OG0003623		AAG06787.1	
OG0003624		AAG06791.1	
OG0003625		AAG06795.1	
OG0003626		AAG06799.1	
OG0003627		AAG06801.1	
OG0003628		AAG06802.1	
OG0003629		AAG06803.1	
OG0003630		AAG06806.1	
OG0003631		AAG06820.1	
OG0003632		AAG06824.1	
OG0003633		AAG06827.1	
OG0003634		AAG06828.1	
OG0003635		AAG06834.1	
OG0003636		AAG06839.1	
OG0003637		AAG06841.1	
OG0003638		AAG06848.1	
OG0003639		AAG06852.1	
OG0003640		AAG06856.1	
OG0003641		AAG06857.1	
OG0003642		AAG06859.1	
OG0003643		AAG06862.1	
OG0003644		AAG06866.1	
OG0003645		AAG06871.1	
OG0003646		AAG06872.1	
OG0003647		AAG06873.1	
OG0003648		AAG06876.1	
OG0003649		AAG06884.1	
OG0003650		AAG06885.1	
OG0003651		AAG06889.1	
OG0003652		AAG06890.1	
OG0003653		AAG06891.1	
OG0003654		AAG06893.1	
OG0003655		AAG06895.1	
OG0003656		AAG06898.1	
OG0003657		AAG06908.1	
OG0003658		AAG06915.1	
OG0003659		AAG06918.1	
OG0003660		AAG06924.1	
OG0003661		AAG06925.1	
OG0003662		AAG06929.1	
OG0003663		AAG06930.1	
OG0003664		AAG06931.1	
OG0003665		AAG06932.1	
OG0003666		AAG06933.1	
OG0003667		AAG06935.1	
OG0003668		AAG06938.1	
OG0003669		AAG06941.1	
OG0003670		AAG06942.1	
OG0003671		AAG06943.1	
OG0003672		AAG06944.1	
OG0003673		AAG06951.1	
OG0003674		AAG06960.1	
OG0003675		AAG06964.1	
OG0003676		AAG06965.1	
OG0003677		AAG06967.1	
OG0003678		AAG06973.1	
OG0003679		AAG06994.1	
OG0003680		AAG06999.1	
OG0003681		AAG07000.1	
OG0003682		AAG07001.1	
OG0003683		AAG07002.1	
OG0003684		AAG07004.1	
OG0003685		AAG07006.1	
OG0003686		AAG07007.1	
OG0003687		AAG07012.1	
OG0003688		AAG07035.1	
OG0003689		AAG07049.1	
OG0003690		AAG07050.1	
OG0003691		AAG07051.1	
OG0003692		AAG07054.1	
OG0003693		AAG07062.1	
OG0003694		AAG07063.1	
OG0003695		AAG07067.1	
OG0003696		AAG07069.1	
OG0003697		AAG07070.1	
OG0003698		AAG07072.1	
OG0003699		AAG07076.1	
OG0003700		AAG07082.1	
OG0003701		AAG07084.1	
OG0003702		AAG07085.1	
OG0003703		AAG07086.1	
OG0003704		AAG07087.1	
OG0003705		AAG07092.1	
OG0003706		AAG07099.1	
OG0003707		AAG07102.1	
OG0003708		AAG07103.1	
OG0003709		AAG07106.1	
OG0003710		AAG07107.2	
OG0003711		AAG07109.1	
OG0003712		AAG07111.1	
OG0003713		AAG07113.1	
OG0003714		AAG07114.1	
OG0003715		AAG07115.1	
OG0003716		AAG07116.1	
OG0003717		AAG07117.1	
OG0003718		AAG07118.1	
OG0003719		AAG07119.1	
OG0003720		AAG07121.1	
OG0003721		AAG07126.1	
OG0003722		AAG07127.1	
OG0003723		AAG07134.1	
OG0003724		AAG07137.1	
OG0003725		AAG07139.1	
OG0003726		AAG07141.1	
OG0003727		AAG07143.1	
OG0003728		AAG07146.1	
OG0003729		AAG07152.1	
OG0003730		AAG07159.1	
OG0003731		AAG07162.1	
OG0003732		AAG07166.1	
OG0003733		AAG07167.1	
OG0003734		AAG07171.1	
OG0003735		AAG07172.1	
OG0003736		AAG07173.1	
OG0003737		AAG07175.1	
OG0003738		AAG07178.1	
OG0003739		AAG07179.1	
OG0003740		AAG07180.1	
OG0003741		AAG07181.1	
OG0003742		AAG07183.1	
OG0003743		AAG07187.1	
OG0003744		AAG07206.1	
OG0003745		AAG07213.1	
OG0003746		AAG07220.1	
OG0003747		AAG07222.1	
OG0003748		AAG07223.1	
OG0003749		AAG07224.1	
OG0003750		AAG07225.1	
OG0003751		AAG07227.1	
OG0003752		AAG07229.1	
OG0003753		AAG07230.1	
OG0003754		AAG07234.1	
OG0003755		AAG07235.1	
OG0003756		AAG07237.1	
OG0003757		AAG07238.1	
OG0003758		AAG07239.1	
OG0003759		AAG07241.1	
OG0003760		AAG07242.1	
OG0003761		AAG07243.1	
OG0003762		AAG07244.1	
OG0003763		AAG07255.1	
OG0003764		AAG07256.1	
OG0003765		AAG07267.1	
OG0003766		AAG07268.1	
OG0003767		AAG07271.1	
OG0003768		AAG07272.1	
OG0003769		AAG07275.1	
OG0003770		AAG07292.1	
OG0003771		AAG07293.1	
OG0003772		AAG07294.1	
OG0003773		AAG07295.1	
OG0003774		AAG07296.1	
OG0003775		AAG07297.1	
OG0003776		AAG07298.1	
OG0003777		AAG07299.1	
OG0003778		AAG07300.1	
OG0003779		AAG07306.1	
OG0003780		AAG07315.1	
OG0003781		AAG07327.1	
OG0003782		AAG07328.1	
OG0003783		AAG07330.1	
OG0003784		AAG07336.1	
OG0003785		AAG07338.1	
OG0003786		AAG07339.1	
OG0003787		AAG07342.1	
OG0003788		AAG07343.1	
OG0003789		AAG07345.1	
OG0003790		AAG07346.1	
OG0003791		AAG07347.1	
OG0003792		AAG07349.1	
OG0003793		AAG07351.1	
OG0003794		AAG07353.1	
OG0003795		AAG07356.1	
OG0003796		AAG07363.1	
OG0003797		AAG07365.1	
OG0003798		AAG07366.1	
OG0003799		AAG07373.1	
OG0003800		AAG07375.1	
OG0003801		AAG07378.1	
OG0003802		AAG07397.1	
OG0003803		AAG07399.1	
OG0003804		AAG07401.1	
OG0003805		AAG07403.1	
OG0003806		AAG07405.1	
OG0003807		AAG07406.1	
OG0003808		AAG07410.1	
OG0003809		AAG07411.1	
OG0003810		AAG07412.1	
OG0003811		AAG07415.1	
OG0003812		AAG07417.1	
OG0003813		AAG07419.1	
OG0003814		AAG07420.1	
OG0003815		AAG07421.1	
OG0003816		AAG07433.1	
OG0003817		AAG07445.1	
OG0003818		AAG07446.1	
OG0003819		AAG07447.1	
OG0003820		AAG07448.1	
OG0003821		AAG07449.1	
OG0003822		AAG07450.1	
OG0003823		AAG07451.1	
OG0003824		AAG07454.1	
OG0003825		AAG07458.1	
OG0003826		AAG07463.1	
OG0003827		AAG07468.1	
OG0003828		AAG07474.1	
OG0003829		AAG07477.1	
OG0003830		AAG07479.1	
OG0003831		AAG07482.1	
OG0003832		AAG07485.1	
OG0003833		AAG07486.1	
OG0003834		AAG07490.1	
OG0003835		AAG07494.1	
OG0003836		AAG07498.1	
OG0003837		AAG07501.1	
OG0003838		AAG07503.1	
OG0003839		AAG07504.1	
OG0003840		AAG07505.1	
OG0003841		AAG07511.1	
OG0003842		AAG07514.1	
OG0003843		AAG07527.1	
OG0003844		AAG07528.1	
OG0003845		AAG07530.1	
OG0003846		AAG07533.1	
OG0003847		AAG07535.1	
OG0003848		AAG07537.1	
OG0003849		AAG07546.1	
OG0003850		AAG07548.1	
OG0003851		AAG07551.1	
OG0003852		AAG07562.1	
OG0003853		AAG07568.1	
OG0003854		AAG07569.1	
OG0003855		AAG07570.1	
OG0003856		AAG07592.1	
OG0003857		AAG07596.1	
OG0003858		AAG07608.1	
OG0003859		AAG07612.1	
OG0003860		AAG07618.1	
OG0003861		AAG07666.1	
OG0003862		AAG07667.1	
OG0003863		AAG07677.1	
OG0003864		AAG07679.1	
OG0003865		AAG07682.1	
OG0003866		AAG07683.1	
OG0003867		AAG07684.1	
OG0003868		AAG07685.1	
OG0003869		AAG07686.1	
OG0003870		AAG07687.1	
OG0003871		AAG07688.1	
OG0003872		AAG07689.1	
OG0003873		AAG07691.1	
OG0003874		AAG07693.1	
OG0003875		AAG07694.1	
OG0003876		AAG07696.1	
OG0003877		AAG07700.1	
OG0003878		AAG07701.1	
OG0003879		AAG07705.1	
OG0003880		AAG07706.1	
OG0003881		AAG07707.1	
OG0003882		AAG07708.1	
OG0003883		AAG07709.1	
OG0003884		AAG07712.1	
OG0003885		AAG07714.1	
OG0003886		AAG07715.1	
OG0003887		AAG07721.1	
OG0003888		AAG07723.1	
OG0003889		AAG07725.1	
OG0003890		AAG07726.1	
OG0003891		AAG07734.1	
OG0003892		AAG07736.1	
OG0003893		AAG07737.1	
OG0003894		AAG07738.1	
OG0003895		AAG07741.1	
OG0003896		AAG07742.1	
OG0003897		AAG07745.1	
OG0003898		AAG07747.1	
OG0003899		AAG07748.1	
OG0003900		AAG07750.1	
OG0003901		AAG07752.1	
OG0003902		AAG07756.1	
OG0003903		AAG07758.1	
OG0003904		AAG07759.1	
OG0003905		AAG07760.1	
OG0003906		AAG07761.1	
OG0003907		AAG07765.1	
OG0003908		AAG07767.1	
OG0003909		AAG07770.1	
OG0003910		AAG07772.1	
OG0003911		AAG07775.1	
OG0003912		AAG07776.1	
OG0003913		AAG07780.1	
OG0003914		AAG07787.1	
OG0003915		AAG07793.1	
OG0003916		AAG07817.1	
OG0003917		AAG07818.1	
OG0003918		AAG07819.1	
OG0003919		AAG07825.1	
OG0003920		AAG07828.1	
OG0003921		AAG07829.1	
OG0003922		AAG07831.1	
OG0003923		AAG07840.1	
OG0003924		AAG07847.1	
OG0003925		AAG07848.1	
OG0003926		AAG07850.1	
OG0003927		AAG07855.1	
OG0003928		AAG07857.1	
OG0003929		AAG07858.1	
OG0003930		AAG07859.1	
OG0003931		AAG07864.1	
OG0003932		AAG07872.1	
OG0003933		AAG07876.1	
OG0003934		AAG07877.1	
OG0003935		AAG07878.1	
OG0003936		AAG07879.1	
OG0003937		AAG07883.1	
OG0003938		AAG07903.1	
OG0003939		AAG07904.1	
OG0003940		AAG07906.1	
OG0003941		AAG07907.1	
OG0003942		AAG07911.1	
OG0003943		AAG07912.1	
OG0003944		AAG07916.1	
OG0003945		AAG07919.1	
OG0003946		AAG07920.1	
OG0003947		AAG07921.1	
OG0003948		AAG07923.1	
OG0003949		AAG07924.1	
OG0003950		AAG07925.1	
OG0003951		AAG07939.1	
OG0003952		AAG07940.1	
OG0003953		AAG07941.1	
OG0003954		AAG07942.1	
OG0003955		AAG07943.1	
OG0003956		AAG07952.1	
OG0003957		AAG07958.1	
OG0003958		AAG07961.1	
OG0003959		AAG07963.1	
OG0003960		AAG07965.1	
OG0003961		AAG07967.1	
OG0003962		AAG07968.1	
OG0003963		AAG07972.1	
OG0003964		AAG07973.1	
OG0003965		AAG07974.1	
OG0003966		AAG07975.1	
OG0003967		AAG07978.1	
OG0003968		AAG07980.1	
OG0003969		AAG07991.1	
OG0003970		AAG07993.1	
OG0003971		AAG07996.1	
OG0003972		AAG07998.1	
OG0003973		AAG07999.1	
OG0003974		AAG08001.1	
OG0003975		AAG08005.1	
OG0003976		AAG08006.1	
OG0003977		AAG08017.1	
OG0003978		AAG08018.1	
OG0003979		AAG08019.1	
OG0003980		AAG08022.1	
OG0003981		AAG08024.1	
OG0003982		AAG08025.1	
OG0003983		AAG08026.1	
OG0003984		AAG08027.1	
OG0003985		AAG08028.1	
OG0003986		AAG08029.1	
OG0003987		AAG08030.1	
OG0003988		AAG08031.1	
OG0003989		AAG08038.1	
OG0003990		AAG08039.1	
OG0003991		AAG08040.1	
OG0003992		AAG08041.1	
OG0003993		AAG08045.1	
OG0003994		AAG08046.1	
OG0003995		AAG08048.1	
OG0003996		AAG08054.1	
OG0003997		AAG08064.1	
OG0003998		AAG08066.1	
OG0003999		AAG08067.1	
OG0004000		AAG08068.1	
OG0004001		AAG08070.1	
OG0004002		AAG08071.1	
OG0004003		AAG08072.1	
OG0004004		AAG08073.1	
OG0004005		AAG08077.1	
OG0004006		AAG08079.1	
OG0004007		AAG08085.1	
OG0004008		AAG08087.1	
OG0004009		AAG08088.1	
OG0004010		AAG08089.1	
OG0004011		AAG08090.1	
OG0004012		AAG08091.1	
OG0004013		AAG08092.1	
OG0004014		AAG08095.1	
OG0004015		AAG08097.1	
OG0004016		AAG08098.1	
OG0004017		AAG08099.1	
OG0004018		AAG08100.1	
OG0004019		AAG08103.1	
OG0004020		AAG08104.1	
OG0004021		AAG08110.1	
OG0004022		AAG08120.1	
OG0004023		AAG08121.1	
OG0004024		AAG08124.1	
OG0004025		AAG08140.1	
OG0004026		AAG08153.1	
OG0004027		AAG08159.1	
OG0004028		AAG08161.1	
OG0004029		AAG08166.1	
OG0004030		AAG08168.1	
OG0004031		AAG08171.1	
OG0004032		AAG08172.1	
OG0004033		AAG08175.1	
OG0004034		AAG08180.1	
OG0004035		AAG08181.1	
OG0004036		AAG08184.1	
OG0004037		AAG08185.1	
OG0004038		AAG08187.1	
OG0004039		AAG08189.1	
OG0004040		AAG08201.1	
OG0004041		AAG08202.1	
OG0004042		AAG08203.1	
OG0004043		AAG08205.1	
OG0004044		AAG08206.1	
OG0004045		AAG08208.1	
OG0004046		AAG08209.1	
OG0004047		AAG08211.1	
OG0004048		AAG08213.1	
OG0004049		AAG08223.1	
OG0004050		AAG08227.1	
OG0004051		AAG08234.1	
OG0004052		AAG08236.1	
OG0004053		AAG08249.1	
OG0004054		AAG08254.1	
OG0004055		AAG08256.1	
OG0004056		AAG08258.1	
OG0004057		AAG08259.1	
OG0004058		AAG08260.1	
OG0004059		AAG08261.1	
OG0004060		AAG08263.1	
OG0004061		AAG08264.1	
OG0004062		AAG08269.1	
OG0004063		AAG08273.1	
OG0004064		AAG08276.1	
OG0004065		AAG08279.1	
OG0004066		AAG08301.1	
OG0004067		AAG08302.1	
OG0004068		AAG08303.1	
OG0004069		AAG08306.1	
OG0004070		AAG08307.1	
OG0004071		AAG08313.1	
OG0004072		AAG08318.1	
OG0004073		AAG08324.1	
OG0004074		AAG08325.1	
OG0004075		AAG08340.1	
OG0004076		AAG08343.1	
OG0004077		AAG08346.1	
OG0004078		AAG08347.1	
OG0004079		AAG08348.1	
OG0004080		AAG08351.1	
OG0004081		AAG08353.1	
OG0004082		AAG08355.1	
OG0004083		AAG08357.1	
OG0004084		AAG08358.1	
OG0004085		AAG08377.1	
OG0004086		AAG08378.1	
OG0004087		AAG08384.1	
OG0004088		AAG08386.1	
OG0004089		AAG08387.1	
OG0004090		AAG08388.1	
OG0004091		AAG08393.1	
OG0004092		AAG08408.1	
OG0004093		AAG08409.1	
OG0004094		AAG08411.1	
OG0004095		AAG08416.1	
OG0004096		AAG08418.1	
OG0004097		AAG08422.1	
OG0004098		AAG08426.1	
OG0004099		AAG08427.1	
OG0004100		AAG08428.1	
OG0004101		AAG08437.1	
OG0004102		AAG08447.1	
OG0004103		AAG08449.1	
OG0004104		AAG08450.1	
OG0004105		AAG08452.1	
OG0004106		AAG08458.1	
OG0004107		AAG08460.1	
OG0004108		AAG08462.1	
OG0004109		AAG08463.1	
OG0004110		AAG08465.1	
OG0004111		AAG08466.1	
OG0004112		AAG08476.1	
OG0004113		AAG08478.1	
OG0004114		AAG08486.1	
OG0004115		AAG08487.1	
OG0004116		AAG08489.1	
OG0004117		AAG08492.1	
OG0004118		AAG08493.1	
OG0004119		AAG08497.1	
OG0004120		AAG08498.1	
OG0004121		AAG08499.1	
OG0004122		AAG08500.1	
OG0004123		AAG08505.1	
OG0004124		AAG08511.1	
OG0004125		AAG08521.1	
OG0004126		AAG08529.1	
OG0004127		AAG08531.1	
OG0004128		AAG08536.1	
OG0004129		AAG08541.1	
OG0004130		AAG08548.1	
OG0004131		AAG08549.1	
OG0004132		AAG08559.1	
OG0004133		AAG08562.1	
OG0004134		AAG08563.1	
OG0004135		AAG08566.1	
OG0004136		AAG08567.1	
OG0004137		AAG08568.1	
OG0004138		AAG08569.1	
OG0004139		AAG08576.1	
OG0004140		AAG08579.1	
OG0004141		AAG08583.1	
OG0004142		AAG08588.1	
OG0004143		AAG08596.1	
OG0004144		AAG08605.1	
OG0004145		AAG08607.1	
OG0004146		AAG08610.1	
OG0004147		AAG08611.1	
OG0004148		AAG08614.1	
OG0004149		AAG08627.1	
OG0004150		AAG08632.1	
OG0004151		AAG08636.1	
OG0004152		AAG08638.1	
OG0004153		AAG08640.1	
OG0004154		AAG08641.1	
OG0004155		AAG08643.1	
OG0004156		AAG08644.1	
OG0004157		AAG08649.1	
OG0004158		AAG08650.1	
OG0004159		AAG08654.1	
OG0004160		AAG08656.1	
OG0004161		AAG08658.1	
OG0004162		AAG08659.1	
OG0004163		AAG08661.1	
OG0004164		AAG08664.1	
OG0004165		AAG08670.1	
OG0004166		AAG08671.1	
OG0004167		AAG08674.1	
OG0004168		AAG08677.1	
OG0004169		AAG08682.1	
OG0004170		AAG08690.1	
OG0004171		AAG08691.1	
OG0004172		AAG08692.1	
OG0004173		AAG08695.1	
OG0004174		AAG08703.1	
OG0004175		AAG08707.1	
OG0004176		AAG08711.1	
OG0004177		AAG08712.1	
OG0004178		AAG08715.1	
OG0004179		AAG08725.1	
OG0004180		AAG08728.1	
OG0004181		AAG08732.1	
OG0004182		AAG08733.1	
OG0004183		AAG08734.1	
OG0004184		AAG08738.1	
OG0004185		AAG08742.1	
OG0004186		AAG08744.1	
OG0004187		AAG08766.1	
OG0004188		AAG08772.1	
OG0004189		AAG08776.1	
OG0004190		AAG08778.1	
OG0004191		AAG08780.1	
OG0004192		AAG08782.1	
OG0004193		AAG08784.1	
OG0004194		AAG08787.1	
OG0004195		AAG08790.1	
OG0004196		AAG08791.1	
OG0004197		AAG08792.1	
OG0004198		AAG08793.1	
OG0004199		AAG08794.1	
OG0004200		AAG08797.1	
OG0004201		AAG08799.1	
OG0004202		AAG08802.1	
OG0004203		AAG08804.1	
OG0004204		AAG08809.1	
OG0004205		AAG08820.1	
OG0004206		AAG08826.1	
OG0004207		AAG08829.1	
OG0004208		AAG08832.1	
OG0004209		AAG08849.1	
OG0004210		AAG08851.1	
OG0004211		AAG08860.1	
OG0004212		AAG08862.1	
OG0004213		AAG08863.1	
OG0004214		AAG08865.1	
OG0004215		AAG08867.1	
OG0004216		AAG08873.1	
OG0004217		AAG08879.1	
OG0004218		AAG08881.1	
OG0004219		AAG08884.1	
OG0004220		AAG08887.1	
OG0004221		AAG08893.1	
OG0004222		AAG08894.1	
OG0004223		AAG08898.1	
OG0004224		AAG08900.1	
OG0004225		AAG08905.1	
OG0004226		AAG08912.1	
OG0004227		AAG08913.1	
OG0004228		AAG08916.1	
OG0004229		AAG08918.1	
OG0004230		AAG08919.1	
OG0004231		AAG08922.1	
OG0004232		AAG08924.1	
OG0004233		AAG08926.1	
OG0004234		AAG08928.1	
OG0004235		AAG08931.1	
OG0004236		AAG08946.1	
OG0004237		AAG08951.1	
OG0004238		AAO42616.1	
OG0004239		ABG56539.1	
OG0004240		ACI25436.1	
OG0004241		ADN93062.1	
OG0004242		ADN93063.1	
OG0004243			WIO64479.1
OG0004244			WIO64483.1
OG0004245			WIO64487.1
OG0004246			WIO64488.1
OG0004247			WIO64489.1
OG0004248			WIO64490.1
OG0004249			WIO64491.1
OG0004250			WIO64493.1
OG0004251			WIO64495.1
OG0004252			WIO64501.1
OG0004253			WIO64502.1
OG0004254			WIO64503.1
OG0004255			WIO64504.1
OG0004256			WIO64505.1
OG0004257			WIO64509.1
OG0004258			WIO64513.1
OG0004259			WIO64518.1
OG0004260			WIO64519.1
OG0004261			WIO64523.1
OG0004262			WIO64525.1
OG0004263			WIO64526.1
OG0004264			WIO64527.1
OG0004265			WIO64528.1
OG0004266			WIO64533.1
OG0004267			WIO64539.1
OG0004268			WIO64540.1
OG0004269			WIO64541.1
OG0004270			WIO64542.1
OG0004271			WIO64544.1
OG0004272			WIO64545.1
OG0004273			WIO64546.1
OG0004274			WIO64547.1
OG0004275			WIO64548.1
OG0004276			WIO64549.1
OG0004277			WIO64551.1
OG0004278			WIO64552.1
OG0004279			WIO64555.1
OG0004280			WIO64556.1
OG0004281			WIO64558.1
OG0004282			WIO64559.1
OG0004283			WIO64566.1
OG0004284			WIO64570.1
OG0004285			WIO64572.1
OG0004286			WIO64573.1
OG0004287			WIO64574.1
OG0004288			WIO64575.1
OG0004289			WIO64576.1
OG0004290			WIO64577.1
OG0004291			WIO64580.1
OG0004292			WIO64582.1
OG0004293			WIO64583.1
OG0004294			WIO64585.1
OG0004295			WIO64586.1
OG0004296			WIO64588.1
OG0004297			WIO64589.1
OG0004298			WIO64600.1
OG0004299			WIO64604.1
OG0004300			WIO64605.1
OG0004301			WIO64606.1
OG0004302			WIO64611.1
OG0004303			WIO64612.1
OG0004304			WIO64613.1
OG0004305			WIO64616.1
OG0004306			WIO64617.1
OG0004307			WIO64619.1
OG0004308			WIO64621.1
OG0004309			WIO64629.1
OG0004310			WIO64634.1
OG0004311			WIO64635.1
OG0004312			WIO64639.1
OG0004313			WIO64642.1
OG0004314			WIO64643.1
OG0004315			WIO64644.1
OG0004316			WIO64645.1
OG0004317			WIO64646.1
OG0004318			WIO64650.1
OG0004319			WIO64652.1
OG0004320			WIO64660.1
OG0004321			WIO64663.1
OG0004322			WIO64667.1
OG0004323			WIO64669.1
OG0004324			WIO64673.1
OG0004325			WIO64674.1
OG0004326			WIO64675.1
OG0004327			WIO64677.1
OG0004328			WIO64683.1
OG0004329			WIO64687.1
OG0004330			WIO64689.1
OG0004331			WIO64693.1
OG0004332			WIO64700.1
OG0004333			WIO64704.1
OG0004334			WIO64705.1
OG0004335			WIO64711.1
OG0004336			WIO64712.1
OG0004337			WIO64714.1
OG0004338			WIO64717.1
OG0004339			WIO64720.1
OG0004340			WIO64725.1
OG0004341			WIO64739.1
OG0004342			WIO64742.1
OG0004343			WIO64744.1
OG0004344			WIO64746.1
OG0004345			WIO64747.1
OG0004346			WIO64748.1
OG0004347			WIO64749.1
OG0004348			WIO64756.1
OG0004349			WIO64761.1
OG0004350			WIO64764.1
OG0004351			WIO64766.1
OG0004352			WIO64771.1
OG0004353			WIO64772.1
OG0004354			WIO64773.1
OG0004355			WIO64779.1
OG0004356			WIO64780.1
OG0004357			WIO64781.1
OG0004358			WIO64787.1
OG0004359			WIO64798.1
OG0004360			WIO64800.1
OG0004361			WIO64801.1
OG0004362			WIO64803.1
OG0004363			WIO64807.1
OG0004364			WIO64811.1
OG0004365			WIO64812.1
OG0004366			WIO64816.1
OG0004367			WIO64817.1
OG0004368			WIO64819.1
OG0004369			WIO64822.1
OG0004370			WIO64825.1
OG0004371			WIO64826.1
OG0004372			WIO64828.1
OG0004373			WIO64829.1
OG0004374			WIO64831.1
OG0004375			WIO64834.1
OG0004376			WIO64836.1
OG0004377			WIO64837.1
OG0004378			WIO64838.1
OG0004379			WIO64841.1
OG0004380			WIO64842.1
OG0004381			WIO64843.1
OG0004382			WIO64845.1
OG0004383			WIO64847.1
OG0004384			WIO64848.1
OG0004385			WIO64850.1
OG0004386			WIO64857.1
OG0004387			WIO64858.1
OG0004388			WIO64860.1
OG0004389			WIO64861.1
OG0004390			WIO64862.1
OG0004391			WIO64867.1
OG0004392			WIO64871.1
OG0004393			WIO64872.1
OG0004394			WIO64873.1
OG0004395			WIO64874.1
OG0004396			WIO64876.1
OG0004397			WIO64877.1
OG0004398			WIO64879.1
OG0004399			WIO64881.1
OG0004400			WIO64885.1
OG0004401			WIO64886.1
OG0004402			WIO64888.1
OG0004403			WIO64890.1
OG0004404			WIO64891.1
OG0004405			WIO64892.1
OG0004406			WIO64893.1
OG0004407			WIO64894.1
OG0004408			WIO64895.1
OG0004409			WIO64896.1
OG0004410			WIO64897.1
OG0004411			WIO64900.1
OG0004412			WIO64904.1
OG0004413			WIO64911.1
OG0004414			WIO64912.1
OG0004415			WIO64913.1
OG0004416			WIO64916.1
OG0004417			WIO64917.1
OG0004418			WIO64922.1
OG0004419			WIO64923.1
OG0004420			WIO64924.1
OG0004421			WIO64925.1
OG0004422			WIO64927.1
OG0004423			WIO64928.1
OG0004424			WIO64929.1
OG0004425			WIO64932.1
OG0004426			WIO64933.1
OG0004427			WIO64935.1
OG0004428			WIO64936.1
OG0004429			WIO64938.1
OG0004430			WIO64939.1
OG0004431			WIO64940.1
OG0004432			WIO64941.1
OG0004433			WIO64943.1
OG0004434			WIO64945.1
OG0004435			WIO64946.1
OG0004436			WIO64947.1
OG0004437			WIO64951.1
OG0004438			WIO64957.1
OG0004439			WIO64958.1
OG0004440			WIO64959.1
OG0004441			WIO64961.1
OG0004442			WIO64963.1
OG0004443			WIO64964.1
OG0004444			WIO64966.1
OG0004445			WIO64967.1
OG0004446			WIO64970.1
OG0004447			WIO64971.1
OG0004448			WIO64973.1
OG0004449			WIO64974.1
OG0004450			WIO64976.1
OG0004451			WIO64980.1
OG0004452			WIO64981.1
OG0004453			WIO64983.1
OG0004454			WIO64984.1
OG0004455			WIO64985.1
OG0004456			WIO64988.1
OG0004457			WIO64991.1
OG0004458			WIO64994.1
OG0004459			WIO64998.1
OG0004460			WIO65001.1
OG0004461			WIO65002.1
OG0004462			WIO65005.1
OG0004463			WIO65006.1
OG0004464			WIO65007.1
OG0004465			WIO65009.1
OG0004466			WIO65010.1
OG0004467			WIO65012.1
OG0004468			WIO65014.1
OG0004469			WIO65016.1
OG0004470			WIO65017.1
OG0004471			WIO65020.1
OG0004472			WIO65021.1
OG0004473			WIO65022.1
OG0004474			WIO65023.1
OG0004475			WIO65024.1
OG0004476			WIO65025.1
OG0004477			WIO65026.1
OG0004478			WIO65028.1
OG0004479			WIO65031.1
OG0004480			WIO65032.1
OG0004481			WIO65035.1
OG0004482			WIO65039.1
OG0004483			WIO65042.1
OG0004484			WIO65044.1
OG0004485			WIO65045.1
OG0004486			WIO65046.1
OG0004487			WIO65048.1
OG0004488			WIO65050.1
OG0004489			WIO65051.1
OG0004490			WIO65052.1
OG0004491			WIO65053.1
OG0004492			WIO65055.1
OG0004493			WIO65056.1
OG0004494			WIO65057.1
OG0004495			WIO65058.1
OG0004496			WIO65060.1
OG0004497			WIO65062.1
OG0004498			WIO65063.1
OG0004499			WIO65064.1
OG0004500			WIO65068.1
OG0004501			WIO65069.1
OG0004502			WIO65070.1
OG0004503			WIO65081.1
OG0004504			WIO65082.1
OG0004505			WIO65084.1
OG0004506			WIO65086.1
OG0004507			WIO65087.1
OG0004508			WIO65088.1
OG0004509			WIO65089.1
OG0004510			WIO65090.1
OG0004511			WIO65098.1
OG0004512			WIO65104.1
OG0004513			WIO65107.1
OG0004514			WIO65108.1
OG0004515			WIO65109.1
OG0004516			WIO65110.1
OG0004517			WIO65111.1
OG0004518			WIO65113.1
OG0004519			WIO65114.1
OG0004520			WIO65117.1
OG0004521			WIO65118.1
OG0004522			WIO65119.1
OG0004523			WIO65120.1
OG0004524			WIO65121.1
OG0004525			WIO65122.1
OG0004526			WIO65123.1
OG0004527			WIO65124.1
OG0004528			WIO65126.1
OG0004529			WIO65128.1
OG0004530			WIO65129.1
OG0004531			WIO65130.1
OG0004532			WIO65131.1
OG0004533			WIO65132.1
OG0004534			WIO65133.1
OG0004535			WIO65134.1
OG0004536			WIO65137.1
OG0004537			WIO65138.1
OG0004538			WIO65139.1
OG0004539			WIO65140.1
OG0004540			WIO65141.1
OG0004541			WIO65142.1
OG0004542			WIO65143.1
OG0004543			WIO65144.1
OG0004544			WIO65145.1
OG0004545			WIO65147.1
OG0004546			WIO65148.1
OG0004547			WIO65150.1
OG0004548			WIO65151.1
OG0004549			WIO65152.1
OG0004550			WIO65153.1
OG0004551			WIO65154.1
OG0004552			WIO65158.1
OG0004553			WIO65159.1
OG0004554			WIO65160.1
OG0004555			WIO65161.1
OG0004556			WIO65162.1
OG0004557			WIO65163.1
OG0004558			WIO65164.1
OG0004559			WIO65165.1
OG0004560			WIO65166.1
OG0004561			WIO65167.1
OG0004562			WIO65168.1
OG0004563			WIO65169.1
OG0004564			WIO65170.1
OG0004565			WIO65171.1
OG0004566			WIO65172.1
OG0004567			WIO65173.1
OG0004568			WIO65174.1
OG0004569			WIO65175.1
OG0004570			WIO65176.1
OG0004571			WIO65177.1
OG0004572			WIO65178.1
OG0004573			WIO65179.1
OG0004574			WIO65180.1
OG0004575			WIO65181.1
OG0004576			WIO65182.1
OG0004577			WIO65183.1
OG0004578			WIO65184.1
OG0004579			WIO65185.1
OG0004580			WIO65187.1
OG0004581			WIO65188.1
OG0004582			WIO65191.1
OG0004583			WIO65192.1
OG0004584			WIO65193.1
OG0004585			WIO65194.1
OG0004586			WIO65195.1
OG0004587			WIO65196.1
OG0004588			WIO65197.1
OG0004589			WIO65198.1
OG0004590			WIO65199.1
OG0004591			WIO65200.1
OG0004592			WIO65201.1
OG0004593			WIO65202.1
OG0004594			WIO65203.1
OG0004595			WIO65204.1
OG0004596			WIO65205.1
OG0004597			WIO65207.1
OG0004598			WIO65208.1
OG0004599			WIO65209.1
OG0004600			WIO65210.1
OG0004601			WIO65211.1
OG0004602			WIO65212.1
OG0004603			WIO65214.1
OG0004604			WIO65215.1
OG0004605			WIO65216.1
OG0004606			WIO65217.1
OG0004607			WIO65218.1
OG0004608			WIO65219.1
OG0004609			WIO65220.1
OG0004610			WIO65222.1
OG0004611			WIO65223.1
OG0004612			WIO65224.1
OG0004613			WIO65225.1
OG0004614			WIO65226.1
OG0004615			WIO65228.1
OG0004616			WIO65229.1
OG0004617			WIO65230.1
OG0004618			WIO65231.1
OG0004619			WIO65232.1
OG0004620			WIO65233.1
OG0004621			WIO65234.1
OG0004622			WIO65235.1
OG0004623			WIO65236.1
OG0004624			WIO65237.1
OG0004625			WIO65238.1
OG0004626			WIO65239.1
OG0004627			WIO65240.1
OG0004628			WIO65243.1
OG0004629			WIO65244.1
OG0004630			WIO65245.1
OG0004631			WIO65246.1
OG0004632			WIO65247.1
OG0004633			WIO65249.1
OG0004634			WIO65250.1
OG0004635			WIO65252.1
OG0004636			WIO65253.1
OG0004637			WIO65255.1
OG0004638			WIO65256.1
OG0004639			WIO65257.1
OG0004640			WIO65258.1
OG0004641			WIO65260.1
OG0004642			WIO65266.1
OG0004643			WIO65276.1
OG0004644			WIO65278.1
OG0004645			WIO65279.1
OG0004646			WIO65280.1
OG0004647			WIO65281.1
OG0004648			WIO65282.1
OG0004649			WIO65283.1
OG0004650			WIO65285.1
OG0004651			WIO65286.1
OG0004652			WIO65287.1
OG0004653			WIO65288.1
OG0004654			WIO65292.1
OG0004655			WIO65294.1
OG0004656			WIO65299.1
OG0004657			WIO65303.1
OG0004658			WIO65311.1
OG0004659			WIO65314.1
OG0004660			WIO65315.1
OG0004661			WIO65321.1
OG0004662			WIO65324.1
OG0004663			WIO65328.1
OG0004664			WIO65329.1
OG0004665			WIO65332.1
OG0004666			WIO65336.1
OG0004667			WIO65339.1
OG0004668			WIO65341.1
OG0004669			WIO65343.1
OG0004670			WIO65344.1
OG0004671			WIO65345.1
OG0004672			WIO65349.1
OG0004673			WIO65353.1
OG0004674			WIO65354.1
OG0004675			WIO65355.1
OG0004676			WIO65356.1
OG0004677			WIO65358.1
OG0004678			WIO65359.1
OG0004679			WIO65360.1
OG0004680			WIO65361.1
OG0004681			WIO65362.1
OG0004682			WIO65363.1
OG0004683			WIO65365.1
OG0004684			WIO65370.1
OG0004685			WIO65371.1
OG0004686			WIO65374.1
OG0004687			WIO65377.1
OG0004688			WIO65380.1
OG0004689			WIO65381.1
OG0004690			WIO65382.1
OG0004691			WIO65387.1
OG0004692			WIO65388.1
OG0004693			WIO65392.1
OG0004694			WIO65393.1
OG0004695			WIO65394.1
OG0004696			WIO65398.1
OG0004697			WIO65400.1
OG0004698			WIO65401.1
OG0004699			WIO65402.1
OG0004700			WIO65404.1
OG0004701			WIO65405.1
OG0004702			WIO65408.1
OG0004703			WIO65409.1
OG0004704			WIO65410.1
OG0004705			WIO65411.1
OG0004706			WIO65412.1
OG0004707			WIO65413.1
OG0004708			WIO65418.1
OG0004709			WIO65419.1
OG0004710			WIO65420.1
OG0004711			WIO65421.1
OG0004712			WIO65422.1
OG0004713			WIO65423.1
OG0004714			WIO65443.1
OG0004715			WIO65457.1
OG0004716			WIO65460.1
OG0004717			WIO65461.1
OG0004718			WIO65463.1
OG0004719			WIO65464.1
OG0004720			WIO65465.1
OG0004721			WIO65466.1
OG0004722			WIO65469.1
OG0004723			WIO65470.1
OG0004724			WIO65474.1
OG0004725			WIO65476.1
OG0004726			WIO65477.1
OG0004727			WIO65488.1
OG0004728			WIO65489.1
OG0004729			WIO65500.1
OG0004730			WIO65501.1
OG0004731			WIO65503.1
OG0004732			WIO65505.1
OG0004733			WIO65513.1
OG0004734			WIO65514.1
OG0004735			WIO65518.1
OG0004736			WIO65520.1
OG0004737			WIO65523.1
OG0004738			WIO65524.1
OG0004739			WIO65525.1
OG0004740			WIO65528.1
OG0004741			WIO65530.1
OG0004742			WIO65531.1
OG0004743			WIO65532.1
OG0004744			WIO65533.1
OG0004745			WIO65538.1
OG0004746			WIO65540.1
OG0004747			WIO65545.1
OG0004748			WIO65546.1
OG0004749			WIO65549.1
OG0004750			WIO65553.1
OG0004751			WIO65555.1
OG0004752			WIO65560.1
OG0004753			WIO65561.1
OG0004754			WIO65562.1
OG0004755			WIO65565.1
OG0004756			WIO65567.1
OG0004757			WIO65568.1
OG0004758			WIO65572.1
OG0004759			WIO65573.1
OG0004760			WIO65574.1
OG0004761			WIO65575.1
OG0004762			WIO65576.1
OG0004763			WIO65578.1
OG0004764			WIO65580.1
OG0004765			WIO65582.1
OG0004766			WIO65584.1
OG0004767			WIO65588.1
OG0004768			WIO65589.1
OG0004769			WIO65591.1
OG0004770			WIO65599.1
OG0004771			WIO65602.1
OG0004772			WIO65604.1
OG0004773			WIO65605.1
OG0004774			WIO65606.1
OG0004775			WIO65613.1
OG0004776			WIO65616.1
OG0004777			WIO65619.1
OG0004778			WIO65620.1
OG0004779			WIO65625.1
OG0004780			WIO65629.1
OG0004781			WIO65631.1
OG0004782			WIO65633.1
OG0004783			WIO65634.1
OG0004784			WIO65635.1
OG0004785			WIO65638.1
OG0004786			WIO65643.1
OG0004787			WIO65647.1
OG0004788			WIO65648.1
OG0004789			WIO65649.1
OG0004790			WIO65650.1
OG0004791			WIO65651.1
OG0004792			WIO65653.1
OG0004793			WIO65657.1
OG0004794			WIO65658.1
OG0004795			WIO65662.1
OG0004796			WIO65663.1
OG0004797			WIO65664.1
OG0004798			WIO65665.1
OG0004799			WIO65669.1
OG0004800			WIO65670.1
OG0004801			WIO65671.1
OG0004802			WIO65676.1
OG0004803			WIO65677.1
OG0004804			WIO65679.1
OG0004805			WIO65682.1
OG0004806			WIO65685.1
OG0004807			WIO65686.1
OG0004808			WIO65687.1
OG0004809			WIO65688.1
OG0004810			WIO65693.1
OG0004811			WIO65697.1
OG0004812			WIO65700.1
OG0004813			WIO65701.1
OG0004814			WIO65702.1
OG0004815			WIO65704.1
OG0004816			WIO65705.1
OG0004817			WIO65710.1
OG0004818			WIO65715.1
OG0004819			WIO65716.1
OG0004820			WIO65717.1
OG0004821			WIO65719.1
OG0004822			WIO65720.1
OG0004823			WIO65722.1
OG0004824			WIO65724.1
OG0004825			WIO65725.1
OG0004826			WIO65727.1
OG0004827			WIO65728.1
OG0004828			WIO65736.1
OG0004829			WIO65737.1
OG0004830			WIO65738.1
OG0004831			WIO65739.1
OG0004832			WIO65743.1
OG0004833			WIO65745.1
OG0004834			WIO65746.1
OG0004835			WIO65748.1
OG0004836			WIO65749.1
OG0004837			WIO65751.1
OG0004838			WIO65757.1
OG0004839			WIO65758.1
OG0004840			WIO65760.1
OG0004841			WIO65765.1
OG0004842			WIO65767.1
OG0004843			WIO65768.1
OG0004844			WIO65769.1
OG0004845			WIO65771.1
OG0004846			WIO65772.1
OG0004847			WIO65774.1
OG0004848			WIO65776.1
OG0004849			WIO65777.1
OG0004850			WIO65779.1
OG0004851			WIO65781.1
OG0004852			WIO65782.1
OG0004853			WIO65784.1
OG0004854			WIO65786.1
OG0004855			WIO65789.1
OG0004856			WIO65790.1
OG0004857			WIO65791.1
OG0004858			WIO65793.1
OG0004859			WIO65794.1
OG0004860			WIO65795.1
OG0004861			WIO65796.1
OG0004862			WIO65797.1
OG0004863			WIO65798.1
OG0004864			WIO65799.1
OG0004865			WIO65801.1
OG0004866			WIO65805.1
OG0004867			WIO65814.1
OG0004868			WIO65815.1
OG0004869			WIO65818.1
OG0004870			WIO65821.1
OG0004871			WIO65822.1
OG0004872			WIO65824.1
OG0004873			WIO65828.1
OG0004874			WIO65829.1
OG0004875			WIO65831.1
OG0004876			WIO65832.1
OG0004877			WIO65833.1
OG0004878			WIO65834.1
OG0004879			WIO65836.1
OG0004880			WIO65839.1
OG0004881			WIO65841.1
OG0004882			WIO65847.1
OG0004883			WIO65849.1
OG0004884			WIO65851.1
OG0004885			WIO65852.1
OG0004886			WIO65854.1
OG0004887			WIO65859.1
OG0004888			WIO65860.1
OG0004889			WIO65863.1
OG0004890			WIO65864.1
OG0004891			WIO65865.1
OG0004892			WIO65867.1
OG0004893			WIO65868.1
OG0004894			WIO65869.1
OG0004895			WIO65879.1
OG0004896			WIO65880.1
OG0004897			WIO65886.1
OG0004898			WIO65887.1
OG0004899			WIO65888.1
OG0004900			WIO65891.1
OG0004901			WIO65894.1
OG0004902			WIO65895.1
OG0004903			WIO65896.1
OG0004904			WIO65899.1
OG0004905			WIO65901.1
OG0004906			WIO65904.1
OG0004907			WIO65905.1
OG0004908			WIO65906.1
OG0004909			WIO65913.1
OG0004910			WIO65920.1
OG0004911			WIO65928.1
OG0004912			WIO65930.1
OG0004913			WIO65931.1
OG0004914			WIO65937.1
OG0004915			WIO65938.1
OG0004916			WIO65944.1
OG0004917			WIO65951.1
OG0004918			WIO65954.1
OG0004919			WIO65955.1
OG0004920			WIO65956.1
OG0004921			WIO65957.1
OG0004922			WIO65958.1
OG0004923			WIO65959.1
OG0004924			WIO65975.1
OG0004925			WIO65978.1
OG0004926			WIO65979.1
OG0004927			WIO65980.1
OG0004928			WIO65981.1
OG0004929			WIO65982.1
OG0004930			WIO65994.1
OG0004931			WIO65995.1
OG0004932			WIO65996.1
OG0004933			WIO65997.1
OG0004934			WIO65998.1
OG0004935			WIO65999.1
OG0004936			WIO66000.1
OG0004937			WIO66001.1
OG0004938			WIO66007.1
OG0004939			WIO66009.1
OG0004940			WIO66010.1
OG0004941			WIO66011.1
OG0004942			WIO66012.1
OG0004943			WIO66018.1
OG0004944			WIO66019.1
OG0004945			WIO66026.1
OG0004946			WIO66029.1
OG0004947			WIO66033.1
OG0004948			WIO66034.1
OG0004949			WIO66035.1
OG0004950			WIO66036.1
OG0004951			WIO66040.1
OG0004952			WIO66042.1
OG0004953			WIO66043.1
OG0004954			WIO66047.1
OG0004955			WIO66048.1
OG0004956			WIO66051.1
OG0004957			WIO66053.1
OG0004958			WIO66054.1
OG0004959			WIO66060.1
OG0004960			WIO66061.1
OG0004961			WIO66063.1
OG0004962			WIO66064.1
OG0004963			WIO66076.1
OG0004964			WIO66077.1
OG0004965			WIO66081.1
OG0004966			WIO66082.1
OG0004967			WIO66084.1
OG0004968			WIO66090.1
OG0004969			WIO66091.1
OG0004970			WIO66093.1
OG0004971			WIO66096.1
OG0004972			WIO66098.1
OG0004973			WIO66100.1
OG0004974			WIO66105.1
OG0004975			WIO66106.1
OG0004976			WIO66110.1
OG0004977			WIO66114.1
OG0004978			WIO66115.1
OG0004979			WIO66118.1
OG0004980			WIO66120.1
OG0004981			WIO66122.1
OG0004982			WIO66129.1
OG0004983			WIO66133.1
OG0004984			WIO66138.1
OG0004985			WIO66139.1
OG0004986			WIO66140.1
OG0004987			WIO66142.1
OG0004988			WIO66159.1
OG0004989			WIO66161.1
OG0004990			WIO66162.1
OG0004991			WIO66167.1
OG0004992			WIO66169.1
OG0004993			WIO66171.1
OG0004994			WIO66172.1
OG0004995			WIO66173.1
OG0004996			WIO66174.1
OG0004997			WIO66176.1
OG0004998			WIO66178.1
OG0004999			WIO66179.1
OG0005000			WIO66180.1
OG0005001			WIO66182.1
OG0005002			WIO66183.1
OG0005003			WIO66184.1
OG0005004			WIO66185.1
OG0005005			WIO66186.1
OG0005006			WIO66187.1
OG0005007			WIO66188.1
OG0005008			WIO66189.1
OG0005009			WIO66193.1
OG0005010			WIO66196.1
OG0005011			WIO66203.1
OG0005012			WIO66204.1
OG0005013			WIO66206.1
OG0005014			WIO66207.1
OG0005015			WIO66209.1
OG0005016			WIO66211.1
OG0005017			WIO66216.1
OG0005018			WIO66217.1
OG0005019			WIO66218.1
OG0005020			WIO66219.1
OG0005021			WIO66220.1
OG0005022			WIO66222.1
OG0005023			WIO66229.1
OG0005024			WIO66238.1
OG0005025			WIO66245.1
OG0005026			WIO66246.1
OG0005027			WIO66248.1
OG0005028			WIO66249.1
OG0005029			WIO66250.1
OG0005030			WIO66251.1
OG0005031			WIO66253.1
OG0005032			WIO66254.1
OG0005033			WIO66256.1
OG0005034			WIO66257.1
OG0005035			WIO66258.1
OG0005036			WIO66259.1
OG0005037			WIO66260.1
OG0005038			WIO66261.1
OG0005039			WIO66262.1
OG0005040			WIO66264.1
OG0005041			WIO66265.1
OG0005042			WIO66266.1
OG0005043			WIO66270.1
OG0005044			WIO66271.1
OG0005045			WIO66274.1
OG0005046			WIO66276.1
OG0005047			WIO66281.1
OG0005048			WIO66282.1
OG0005049			WIO66286.1
OG0005050			WIO66287.1
OG0005051			WIO66290.1
OG0005052			WIO66294.1
OG0005053			WIO66296.1
OG0005054			WIO66298.1
OG0005055			WIO66300.1
OG0005056			WIO66301.1
OG0005057			WIO66303.1
OG0005058			WIO66310.1
OG0005059			WIO66312.1
OG0005060			WIO66317.1
OG0005061			WIO66318.1
OG0005062			WIO66319.1
OG0005063			WIO66320.1
OG0005064			WIO66321.1
OG0005065			WIO66322.1
OG0005066			WIO66323.1
OG0005067			WIO66324.1
OG0005068			WIO66327.1
OG0005069			WIO66329.1
OG0005070			WIO66330.1
OG0005071			WIO66331.1
OG0005072			WIO66332.1
OG0005073			WIO66337.1
OG0005074			WIO66338.1
OG0005075			WIO66339.1
OG0005076			WIO66341.1
OG0005077			WIO66343.1
OG0005078			WIO66345.1
OG0005079			WIO66346.1
OG0005080			WIO66347.1
OG0005081			WIO66349.1
OG0005082			WIO66351.1
OG0005083			WIO66352.1
OG0005084			WIO66353.1
OG0005085			WIO66354.1
OG0005086			WIO66357.1
OG0005087			WIO66358.1
OG0005088			WIO66359.1
OG0005089			WIO66362.1
OG0005090			WIO66363.1
OG0005091			WIO66365.1
OG0005092			WIO66366.1
OG0005093			WIO66367.1
OG0005094			WIO66371.1
OG0005095			WIO66379.1
OG0005096			WIO66383.1
OG0005097			WIO66384.1
OG0005098			WIO66385.1
OG0005099			WIO66386.1
OG0005100			WIO66387.1
OG0005101			WIO66389.1
OG0005102			WIO66390.1
OG0005103			WIO66391.1
OG0005104			WIO66392.1
OG0005105			WIO66393.1
OG0005106			WIO66396.1
OG0005107			WIO66403.1
OG0005108			WIO66406.1
OG0005109			WIO66407.1
OG0005110			WIO66408.1
OG0005111			WIO66414.1
OG0005112			WIO66419.1
OG0005113			WIO66422.1
OG0005114			WIO66424.1
OG0005115			WIO66425.1
OG0005116			WIO66427.1
OG0005117			WIO66431.1
OG0005118			WIO66433.1
OG0005119			WIO66435.1
OG0005120			WIO66437.1
OG0005121			WIO66438.1
OG0005122			WIO66446.1
OG0005123			WIO66453.1
OG0005124			WIO66455.1
OG0005125			WIO66460.1
OG0005126			WIO66461.1
OG0005127			WIO66462.1
OG0005128			WIO66465.1
OG0005129			WIO66468.1
OG0005130			WIO66470.1
OG0005131			WIO66471.1
OG0005132			WIO66481.1
OG0005133			WIO66496.1
OG0005134			WIO66497.1
OG0005135			WIO66503.1
OG0005136			WIO66504.1
OG0005137			WIO66505.1
OG0005138			WIO66507.1
OG0005139			WIO66512.1
OG0005140			WIO66513.1
OG0005141			WIO66514.1
OG0005142			WIO66515.1
OG0005143			WIO66518.1
OG0005144			WIO66523.1
OG0005145			WIO66526.1
OG0005146			WIO66527.1
OG0005147			WIO66528.1
OG0005148			WIO66529.1
OG0005149			WIO66530.1
OG0005150			WIO66531.1
OG0005151			WIO66532.1
OG0005152			WIO66533.1
OG0005153			WIO66538.1
OG0005154			WIO66546.1
OG0005155			WIO66547.1
OG0005156			WIO66548.1
OG0005157			WIO66549.1
OG0005158			WIO66551.1
OG0005159			WIO66552.1
OG0005160			WIO66554.1
OG0005161			WIO66557.1
OG0005162			WIO66558.1
OG0005163			WIO66559.1
OG0005164			WIO66563.1
OG0005165			WIO66564.1
OG0005166			WIO66565.1
OG0005167			WIO66568.1
OG0005168			WIO66571.1
OG0005169			WIO66576.1
OG0005170			WIO66577.1
OG0005171			WIO66578.1
OG0005172			WIO66582.1
OG0005173			WIO66587.1
OG0005174			WIO66588.1
OG0005175			WIO66592.1
OG0005176			WIO66593.1
OG0005177			WIO66594.1
OG0005178			WIO66595.1
OG0005179			WIO66598.1
OG0005180			WIO66600.1
OG0005181			WIO66605.1
OG0005182			WIO66608.1
OG0005183			WIO66611.1
OG0005184			WIO66612.1
OG0005185			WIO66613.1
OG0005186			WIO66615.1
OG0005187			WIO66616.1
OG0005188			WIO66617.1
OG0005189			WIO66618.1
OG0005190			WIO66619.1
OG0005191			WIO66622.1
OG0005192			WIO66623.1
OG0005193			WIO66629.1
OG0005194			WIO66630.1
OG0005195			WIO66632.1
OG0005196			WIO66633.1
OG0005197			WIO66634.1
OG0005198			WIO66636.1
OG0005199			WIO66645.1
OG0005200			WIO66646.1
OG0005201			WIO66647.1
OG0005202			WIO66648.1
OG0005203			WIO66655.1
OG0005204			WIO66656.1
OG0005205			WIO66661.1
OG0005206			WIO66663.1
OG0005207			WIO66665.1
OG0005208			WIO66666.1
OG0005209			WIO66667.1
OG0005210			WIO66672.1
OG0005211			WIO66673.1
OG0005212			WIO66674.1
OG0005213			WIO66675.1
OG0005214			WIO66677.1
OG0005215			WIO66679.1
OG0005216			WIO66680.1
OG0005217			WIO66681.1
OG0005218			WIO66682.1
OG0005219			WIO66690.1
OG0005220			WIO66691.1
OG0005221			WIO66694.1
OG0005222			WIO66696.1
OG0005223			WIO66698.1
OG0005224			WIO66699.1
OG0005225			WIO66701.1
OG0005226			WIO66704.1
OG0005227			WIO66707.1
OG0005228			WIO66708.1
OG0005229			WIO66711.1
OG0005230			WIO66712.1
OG0005231			WIO66718.1
OG0005232			WIO66719.1
OG0005233			WIO66723.1
OG0005234			WIO66724.1
OG0005235			WIO66725.1
OG0005236			WIO66732.1
OG0005237			WIO66734.1
OG0005238			WIO66735.1
OG0005239			WIO66736.1
OG0005240			WIO66738.1
OG0005241			WIO66739.1
OG0005242			WIO66741.1
OG0005243			WIO66743.1
OG0005244			WIO66745.1
OG0005245			WIO66748.1
OG0005246			WIO66749.1
OG0005247			WIO66750.1
OG0005248			WIO66756.1
OG0005249			WIO66758.1
OG0005250			WIO66760.1
OG0005251			WIO66762.1
OG0005252			WIO66765.1
OG0005253			WIO66766.1
OG0005254			WIO66767.1
OG0005255			WIO66768.1
OG0005256			WIO66769.1
OG0005257			WIO66770.1
OG0005258			WIO66771.1
OG0005259			WIO66773.1
OG0005260			WIO66774.1
OG0005261			WIO66775.1
OG0005262			WIO66777.1
OG0005263			WIO66778.1
OG0005264			WIO66783.1
OG0005265			WIO66784.1
OG0005266			WIO66787.1
OG0005267			WIO66790.1
OG0005268			WIO66792.1
OG0005269			WIO66793.1
OG0005270			WIO66794.1
OG0005271			WIO66797.1
OG0005272			WIO66798.1
OG0005273			WIO66801.1
OG0005274			WIO66802.1
OG0005275			WIO66804.1
OG0005276			WIO66805.1
OG0005277			WIO66806.1
OG0005278			WIO66812.1
OG0005279			WIO66820.1
OG0005280			WIO66829.1
OG0005281			WIO66830.1
OG0005282			WIO66833.1
OG0005283			WIO66836.1
OG0005284			WIO66837.1
OG0005285			WIO66838.1
OG0005286			WIO66839.1
OG0005287			WIO66842.1
OG0005288			WIO66845.1
OG0005289			WIO66846.1
OG0005290			WIO66848.1
OG0005291			WIO66851.1
OG0005292			WIO66855.1
OG0005293			WIO66857.1
OG0005294			WIO66860.1
OG0005295			WIO66864.1
OG0005296			WIO66866.1
OG0005297			WIO66867.1
OG0005298			WIO66869.1
OG0005299			WIO66878.1
OG0005300			WIO66879.1
OG0005301			WIO66880.1
OG0005302			WIO66881.1
OG0005303			WIO66883.1
OG0005304			WIO66888.1
OG0005305			WIO66889.1
OG0005306			WIO66890.1
OG0005307			WIO66892.1
OG0005308			WIO66893.1
OG0005309			WIO66894.1
OG0005310			WIO66895.1
OG0005311			WIO66896.1
OG0005312			WIO66899.1
OG0005313			WIO66901.1
OG0005314			WIO66903.1
OG0005315			WIO66905.1
OG0005316			WIO66906.1
OG0005317			WIO66907.1
OG0005318			WIO66911.1
OG0005319			WIO66915.1
OG0005320			WIO66917.1
OG0005321			WIO66920.1
OG0005322			WIO66923.1
OG0005323			WIO66927.1
OG0005324			WIO66928.1
OG0005325			WIO66933.1
OG0005326			WIO66934.1
OG0005327			WIO66941.1
OG0005328			WIO66944.1
OG0005329			WIO66945.1
OG0005330			WIO66946.1
OG0005331			WIO66948.1
OG0005332			WIO66951.1
OG0005333			WIO66953.1
OG0005334			WIO66956.1
OG0005335			WIO66957.1
OG0005336			WIO66959.1
OG0005337			WIO66964.1
OG0005338			WIO66970.1
OG0005339			WIO66971.1
OG0005340			WIO66973.1
OG0005341			WIO66975.1
OG0005342			WIO66977.1
OG0005343			WIO66978.1
OG0005344			WIO66979.1
OG0005345			WIO66983.1
OG0005346			WIO66984.1
OG0005347			WIO66985.1
OG0005348			WIO66987.1
OG0005349			WIO66988.1
OG0005350			WIO66991.1
OG0005351			WIO66992.1
OG0005352			WIO66993.1
OG0005353			WIO66997.1
OG0005354			WIO66999.1
OG0005355			WIO67000.1
OG0005356			WIO67002.1
OG0005357			WIO67003.1
OG0005358			WIO67006.1
OG0005359			WIO67007.1
OG0005360			WIO67010.1
OG0005361			WIO67012.1
OG0005362			WIO67017.1
OG0005363			WIO67018.1
OG0005364			WIO67020.1
OG0005365			WIO67021.1
OG0005366			WIO67022.1
OG0005367			WIO67026.1
OG0005368			WIO67028.1
OG0005369			WIO67036.1
OG0005370			WIO67037.1
OG0005371			WIO67041.1
OG0005372			WIO67043.1
OG0005373			WIO67046.1
OG0005374			WIO67049.1
OG0005375			WIO67053.1
OG0005376			WIO67055.1
OG0005377			WIO67067.1
OG0005378			WIO67068.1
OG0005379			WIO67070.1
OG0005380			WIO67072.1
OG0005381			WIO67075.1
OG0005382			WIO67085.1
OG0005383			WIO67087.1
OG0005384			WIO67088.1
OG0005385			WIO67090.1
OG0005386			WIO67098.1
OG0005387			WIO67104.1
OG0005388			WIO67115.1
OG0005389			WIO67116.1
OG0005390			WIO67118.1
OG0005391			WIO67128.1
OG0005392			WIO67129.1
OG0005393			WIO67137.1
OG0005394			WIO67139.1
OG0005395			WIO67145.1
OG0005396			WIO67146.1
OG0005397			WIO67147.1
OG0005398			WIO67148.1
OG0005399			WIO67149.1
OG0005400			WIO67151.1
OG0005401			WIO67152.1
OG0005402			WIO67155.1
OG0005403			WIO67156.1
OG0005404			WIO67162.1
OG0005405			WIO67165.1
OG0005406			WIO67166.1
OG0005407			WIO67169.1
OG0005408			WIO67172.1
OG0005409			WIO67174.1
OG0005410			WIO67175.1
OG0005411			WIO67176.1
OG0005412			WIO67177.1
OG0005413			WIO67178.1
OG0005414			WIO67179.1
OG0005415			WIO67180.1
OG0005416			WIO67181.1
OG0005417			WIO67182.1
OG0005418			WIO67183.1
OG0005419			WIO67185.1
OG0005420			WIO67186.1
OG0005421			WIO67187.1
OG0005422			WIO67188.1
OG0005423			WIO67189.1
OG0005424			WIO67190.1
OG0005425			WIO67193.1
OG0005426			WIO67196.1
OG0005427			WIO67197.1
OG0005428			WIO67198.1
OG0005429			WIO67202.1
OG0005430			WIO67204.1
OG0005431			WIO67207.1
OG0005432			WIO67208.1
OG0005433			WIO67215.1
OG0005434			WIO67220.1
OG0005435			WIO67225.1
OG0005436			WIO67236.1
OG0005437			WIO67237.1
OG0005438			WIO67238.1
OG0005439			WIO67239.1
OG0005440			WIO67241.1
OG0005441			WIO67242.1
OG0005442			WIO67243.1
OG0005443			WIO67259.1
OG0005444			WIO67261.1
OG0005445			WIO67263.1
OG0005446			WIO67264.1
OG0005447			WIO67266.1
OG0005448			WIO67268.1
OG0005449			WIO67269.1
OG0005450			WIO67274.1
OG0005451			WIO67275.1
OG0005452			WIO67292.1
OG0005453			WIO67293.1
OG0005454			WIO67294.1
OG0005455			WIO67295.1
OG0005456			WIO67296.1
OG0005457			WIO67300.1
OG0005458			WIO67301.1
OG0005459			WIO67303.1
OG0005460			WIO67305.1
OG0005461			WIO67306.1
OG0005462			WIO67307.1
OG0005463			WIO67310.1
OG0005464			WIO67313.1
OG0005465			WIO67315.1
OG0005466			WIO67316.1
OG0005467			WIO67321.1
OG0005468			WIO67322.1
OG0005469			WIO67323.1
OG0005470			WIO67326.1
OG0005471			WIO67330.1
OG0005472			WIO67337.1
OG0005473			WIO67338.1
OG0005474			WIO67340.1
OG0005475			WIO67344.1
OG0005476			WIO67346.1
OG0005477			WIO67348.1
OG0005478			WIO67350.1
OG0005479			WIO67352.1
OG0005480			WIO67354.1
OG0005481			WIO67355.1
OG0005482			WIO67356.1
OG0005483			WIO67361.1
OG0005484			WIO67362.1
OG0005485			WIO67363.1
OG0005486			WIO67364.1
OG0005487			WIO67365.1
OG0005488			WIO67366.1
OG0005489			WIO67368.1
OG0005490			WIO67375.1
OG0005491			WIO67380.1
OG0005492			WIO67381.1
OG0005493			WIO67382.1
OG0005494			WIO67384.1
OG0005495			WIO67388.1
OG0005496			WIO67391.1
OG0005497			WIO67392.1
OG0005498			WIO67393.1
OG0005499			WIO67395.1
OG0005500			WIO67396.1
OG0005501			WIO67397.1
OG0005502			WIO67400.1
OG0005503			WIO67401.1
OG0005504			WIO67402.1
OG0005505			WIO67404.1
OG0005506			WIO67405.1
OG0005507			WIO67406.1
OG0005508			WIO67410.1
OG0005509			WIO67418.1
OG0005510			WIO67419.1
OG0005511			WIO67420.1
OG0005512			WIO67421.1
OG0005513			WIO67422.1
